userId_id,movie_No1_id,movie_No2_id,movie_No3_id,movie_No4_id,movie_No5_id,movie_No6_id,movie_No7_id,movie_No8_id,movie_No9_id,movie_No10_id,movie_No11_id,movie_No12_id,movie_No13_id,movie_No14_id,movie_No15_id,movie_No16_id,movie_No17_id,movie_No18_id,movie_No19_id,movie_No20_id,movie_No21_id,movie_No22_id,movie_No23_id,movie_No24_id,movie_No25_id,movie_No26_id,movie_No27_id,movie_No28_id,movie_No29_id,movie_No30_id
1,593,1196,1210,260,2571,1198,1270,2396,2028,1,32,608,2762,1197,2858,5618,3000,58559,112,527,1527,1923,1028,1035,1276,733,1639,1259,1097,2324
2,1214,1198,2028,356,2571,150,1200,110,593,260,3147,480,2858,2959,608,1291,1036,2115,296,858,1196,919,1035,5060,3421,1258,1274,4979,58559,1210
3,2571,318,58559,356,2959,296,589,260,1517,7438,8917,4776,541,6942,106782,1097,593,34,70286,6874,35836,54503,63082,1208,1089,1732,106100,134130,58998,48516
4,356,318,527,2762,2028,110,590,1270,4226,235,4973,593,6377,1,260,16,58559,2571,150,1210,457,1196,1198,50,337,364,780,25,587,48774
5,2571,7153,4993,3578,318,2959,260,356,6539,5952,588,1198,364,4306,5618,527,1210,2716,6377,110,1265,109487,115713,1,122904,58559,1580,68954,1193,593
6,296,110,1197,2028,260,356,2571,50,2858,1221,1653,47,1136,2329,1213,2502,318,1222,1265,1089,924,1193,1198,541,858,3578,457,608,590,2791
7,2959,318,50,4226,1136,296,58559,1197,4973,3911,54503,68954,778,60069,4963,7361,608,5618,3535,3000,2858,858,2571,904,1089,1198,32,260,6874,593
8,2571,318,2959,260,296,4993,356,1210,3114,2858,110,2329,364,588,2355,4306,1198,1,3552,8528,2028,1196,1265,50,7153,2502,527,4002,1213,2231
9,110,589,2571,3578,1198,457,1580,1196,1036,1210,2028,1136,6,318,1101,1240,32,780,1356,3996,364,165,440,260,4226,51662,34405,2762,1370,592
10,296,2959,593,858,1213,79132,2571,58559,1196,356,2329,1961,318,2028,50,1089,6016,68157,1221,6539,48516,4993,7153,590,608,2918,150,55765,1,1198
11,1193,593,318,527,2571,2858,356,1265,858,2028,1,1213,2762,48780,79132,50,608,260,1584,1221,2329,3114,8961,4226,541,750,1258,1732,3147,3578
12,2571,260,296,1196,58559,318,91529,2028,593,2959,50,79132,109487,1198,858,1136,4027,1210,4973,480,1206,2762,48516,68157,551,7153,1221,6874,4226,1
13,2571,1198,260,858,1196,589,1089,296,110,1210,1200,1221,2959,2028,1732,1213,2716,1079,50,541,1136,1208,1197,1291,2115,1214,924,608,2858,34405
14,527,318,457,7153,1198,1270,4993,356,364,79132,3594,6,50,377,1721,1183,1035,1265,1307,1387,6539,91529,47,8641,2571,1,3114,5952,161,2724
15,2571,5952,260,1196,296,356,1356,6377,4306,110,7153,165,4886,1,527,3996,6539,780,2194,1197,1221,1210,3578,2762,8961,318,1198,4226,2028,1101
16,318,356,5618,253,47,110,1,1193,750,111,50,527,5952,353,296,593,541,1199,2959,216,6350,1206,4226,58559,1197,5971,7438,1210,1222,1230
17,296,5952,6377,1196,5902,260,1210,7153,356,2571,3578,3996,4973,589,1,50,318,2959,1240,6874,6539,4226,608,1270,4993,1101,4963,110,49272,6942
18,1198,5952,1291,1197,1196,356,2571,296,1270,7153,4993,1210,318,260,4226,32,593,1199,293,7361,527,1136,5618,6377,1214,3949,53125,1207,2019,1265
19,318,356,296,2959,47,593,527,1704,4973,3949,293,364,4993,3147,590,7361,2028,6711,480,589,736,39,231,79132,457,56367,587,5618,19,3160
20,318,296,356,2959,7361,858,58559,912,68157,2997,4973,1208,1201,527,3949,593,1213,608,1221,6016,1704,1247,4993,48516,1089,2028,260,745,1148,2329
21,2571,318,2959,593,1089,1198,4993,5952,1617,7153,60069,4226,527,858,58559,904,122904,59315,296,48516,1210,1291,4011,8961,54503,6016,8368,40815,457,79132
22,2858,2571,2502,296,110,5418,356,364,4306,858,441,1196,8874,318,1704,4993,3052,7361,380,1215,50,4226,5952,593,1682,7153,922,590,6874,3100
23,1196,356,1198,296,1210,2571,1200,589,260,1270,318,527,4306,1193,6377,3578,2329,588,593,3510,1214,1265,5952,608,1291,2011,590,1,4993,1584
24,1196,260,1210,5952,2571,356,1198,4886,4226,2194,4993,6377,7153,6539,68157,2762,593,60069,589,1035,4963,58559,44191,4306,318,2302,1291,3578,1304,1272
25,1196,356,2028,2918,2571,858,260,1198,1270,1210,318,1136,1617,914,899,589,750,296,1704,5060,6787,1408,904,1213,2762,919,82459,2302,1393,8368
26,2959,2324,318,2571,109487,4993,7153,527,50,68954,79132,99114,296,91529,356,60069,139385,2858,3578,115713,44191,1198,68157,5952,2712,2028,1193,92259,260,47
27,296,318,1196,593,4226,2571,32,4973,3578,260,1210,2959,1610,2572,356,1197,1500,2918,4816,2396,3481,1358,2791,246,527,2289,1393,1097,46578,1580
28,780,2571,110,356,1221,736,5952,318,527,7153,6539,260,1196,1527,1573,111,1356,2019,1,5378,597,91529,50,60069,593,1608,2028,6934,296,1680
29,296,318,356,527,593,111,2959,1270,1222,50,1198,260,1196,1210,1240,1221,5618,480,1197,110,2858,589,2028,780,337,750,858,457,1213,590
30,4226,318,2959,2571,2028,79132,48516,356,58559,51662,1704,2858,1208,1214,1198,608,6,2918,2302,2762,589,3275,34405,1136,293,58998,119145,35836,91529,3578
31,1704,527,296,912,318,858,1193,1197,1,1270,1210,1278,953,1300,3359,3468,2959,4993,4973,356,904,1208,1230,1252,2360,3083,3362,3741,32,593
32,356,260,3578,318,1198,110,5952,7153,1193,2571,4993,1,2028,541,1196,1210,2762,1101,1270,593,58559,1206,924,1387,6377,1225,527,296,597,50
33,318,356,1,2571,7153,260,2324,4993,2959,2858,68954,3578,50,2028,515,1653,1282,541,2716,58559,110,3361,296,1246,608,527,1198,3175,924,1193
34,1198,110,296,5952,1291,2571,593,1136,260,3578,589,1200,1196,2858,50,1197,4963,5418,377,47,6711,8874,858,6874,480,1089,4993,2959,150,608
35,260,2571,4993,5952,7153,2762,318,1196,1210,2959,4896,733,364,1270,356,1,6539,919,1073,5618,40815,69844,81834,88125,588,2081,2572,45722,72998,6874
36,858,1221,318,260,296,110,1196,4878,5952,1136,7153,1266,1704,48516,1270,8636,1198,1097,590,1225,1246,1080,1610,2959,923,5989,50,480,1193,1213
37,2028,7153,60069,4993,3578,260,356,5952,109487,79132,2959,2571,48516,1198,74458,47,4011,593,527,68157,58559,318,68954,2542,50,296,91529,5445,2706,4226
38,2571,296,590,32,260,2959,2324,1073,4993,1235,1198,1270,318,356,1,2657,1230,47,2858,1958,50,1307,1080,1196,1210,7153,92259,1544,750,527
39,2571,1198,1196,260,1291,5952,110,296,3000,1240,593,4226,1036,1,1197,6377,4993,3996,318,1199,1527,7361,780,1954,4963,7153,592,1270,3578,4306
40,2571,260,69844,7153,81834,8368,3578,1198,2959,4896,88125,318,5618,1214,4993,1210,1580,6539,5952,40815,1196,4306,588,4973,364,541,2617,2710,1,296
41,318,296,858,5991,527,608,2959,4973,58559,904,1197,4963,150,1198,5902,1036,4226,1196,480,4993,6874,2997,4979,2194,5952,1221,1199,110,1884,1028
42,1,112,165,593,296,32,293,318,333,344,1356,457,805,95,852,260,1210,25,34,163,22,231,292,349,1221,802,780,1552,5952,7153
43,527,3578,2858,260,1206,356,2571,296,858,1196,1198,1210,47,1653,1221,1193,589,50,2502,608,1259,3147,1208,5952,7153,1252,750,1527,5618,590
44,356,318,296,7153,293,593,3147,597,3948,4973,1704,106782,589,2324,110,527,58559,364,2571,3578,4993,4995,4886,5952,5989,103335,1784,2959,5218,33615
45,2571,1198,1196,296,1197,1221,260,2858,318,4963,608,356,593,858,47,648,1617,1089,1291,1,457,165,592,32,112,51662,110,2700,3030,3996
46,356,2959,318,2571,2762,110,260,3578,296,4993,7153,47,2502,1,2329,364,733,109487,1136,1210,3114,1198,91529,68954,99114,6539,588,919,527,2028
47,2571,260,318,8961,1196,296,8368,4306,593,1198,5418,1210,5952,7153,1270,3578,6539,1213,527,4995,6377,1704,7143,4226,4878,8360,54503,364,733,356
48,296,318,4226,1704,47,17,4993,7153,593,2502,5952,8636,4306,480,1214,356,1221,2858,912,7361,1136,608,858,36,457,2959,32,527,1617,2324
49,260,296,2571,1196,318,593,356,480,4226,858,1198,33794,1089,3996,2028,5903,1210,6,1036,1682,589,6874,110,1193,51662,50,32,457,364,1527
50,356,16,47,1200,318,457,253,1214,3578,3996,3489,216,110,333,296,10,364,2502,39,595,260,4034,468,48780,4995,1,541,1193,1952,7438
51,318,1,296,589,2028,356,588,2329,32,593,150,260,1196,1270,2716,590,595,1213,480,34,58559,364,858,1291,1210,457,3147,16,2502,1584
52,260,1210,1196,2571,1527,6539,356,1356,59315,7153,1291,72998,904,8961,48780,480,1222,608,318,4993,5952,1233,1212,147374,147382,1272,5349,6377,1,1252
53,296,858,593,1193,356,527,1214,608,260,1,1201,1197,1198,1208,318,1259,54001,32,1265,111,1136,1276,4896,40815,69844,1230,47,1089,2028,597
54,318,2571,356,7153,527,1,296,2959,48516,4993,110,4886,4306,2028,3114,6539,6,6377,2011,588,260,5952,5989,1136,2502,1270,500,8961,50,5349
55,1196,1136,541,2716,2571,7153,4878,356,110,2959,1270,260,10,1210,1,1213,589,593,6016,1610,1193,296,1222,349,1090,4226,2791,1073,1527,608
56,318,2571,296,50,2959,47,1198,1193,293,7153,356,2028,2762,1210,260,110,1,4993,608,858,2858,527,2329,1080,1225,111,3114,589,593,1196
57,593,527,356,590,296,25,16,1,150,587,47,318,457,260,1097,246,337,736,480,1270,282,2028,110,253,364,62,32,508,780,111
58,1198,2571,2959,3578,109487,68954,260,4993,7153,318,91529,4306,1210,2762,5618,2324,588,527,1196,8961,589,60069,115713,364,2355,4886,1197,50,139385,89745
59,318,590,110,356,165,47,589,1196,16,223,5952,7153,260,480,1210,4011,32,4993,858,1036,2329,2571,2762,353,2028,10,253,337,1387,1213
60,356,527,1,1265,318,58559,2571,593,79132,296,68157,480,150,74458,1193,2918,2959,2762,69122,2028,69481,148626,48516,588,46578,364,1732,99114,79702,72998
61,4973,608,1198,296,5902,2959,6188,5952,5618,4963,48394,1291,5991,66097,1270,1136,5971,2194,2700,7099,1199,4226,750,1197,50,223,356,446,1225,1271
62,1196,5952,7153,1210,296,4993,750,260,5618,2959,4226,31658,1221,858,318,17,6350,356,2571,1206,593,7361,1198,60069,5971,527,1291,589,480,7438
63,1210,260,1196,608,5952,4993,2571,7153,356,750,318,1270,1198,5618,48394,5902,6377,60069,29,50,1230,4973,924,4226,5971,7361,17,593,296,1136
64,318,296,2329,2959,593,16,3147,51662,527,356,2353,2028,457,35836,4993,1197,1207,58559,50,4499,91529,858,5952,1704,1221,47,4226,904,608,1291
65,356,296,1200,1196,260,1214,318,2571,1704,32,80463,608,50,2959,47,589,1210,593,7438,49272,6377,1208,48516,1089,1136,72998,1198,1682,2762,51662
66,296,50,318,2959,608,2329,91529,58559,1213,593,4993,5952,4963,8874,48774,57669,6016,778,1193,1704,99114,7361,3949,858,3535,91658,47,78499,54286,293
67,2571,318,356,296,1196,50,58559,1210,260,44555,4973,68157,79132,60069,593,29,1193,4226,109487,116797,59315,89745,4776,4306,5952,6016,1089,4993,1282,608
68,260,1272,1196,527,1198,1291,1208,1225,1197,457,1250,1204,318,1304,1079,1233,593,1136,150,2762,1953,924,1267,1242,912,1234,5377,608,1276,858
69,2571,356,296,3578,5952,6377,1196,527,318,58559,7153,1198,4306,750,1,260,1270,1923,780,1214,2959,1101,50,134130,7147,59315,1036,4993,364,110
70,1258,318,3578,356,780,1387,58559,60069,736,527,593,924,1270,7153,4993,1,4878,296,1097,3753,1222,2028,79132,68954,1198,1356,122882,3499,1246,4973
71,356,318,364,296,1210,33794,377,2571,2858,6377,1704,349,593,260,2959,344,588,60069,1270,1198,110,597,1036,648,780,32,1196,4993,5952,7153
72,356,2571,318,296,527,1198,1196,1270,1,91529,780,7153,608,1221,110,79132,593,50,1197,7451,4973,48394,68954,2959,6377,58559,78499,5952,260,6942
73,318,7153,5952,4993,1210,260,1198,356,1196,1304,527,4226,7361,858,2571,590,296,6377,5618,593,1221,60069,2028,31658,2959,293,750,1234,79132,6350
74,318,2502,260,223,2791,6539,1,588,3793,1197,5952,7153,150,356,1210,7147,589,296,480,33794,4306,4896,8368,4993,32,1527,1196,1291,6333,5816
75,318,858,1198,1136,356,1196,3000,1221,457,296,2959,589,5618,1197,99114,48516,593,50,2571,110,54272,32,260,4973,2028,1206,1080,454,590,5971
76,356,296,110,1,593,318,150,292,225,527,589,364,480,377,780,380,161,253,457,539,260,595,47,500,590,165,608,736,587,339
77,318,356,1197,1198,48516,914,1617,1196,858,3578,1408,2028,1136,1028,68954,4973,32,260,3996,904,4306,6377,6,8368,457,2918,7361,2424,1704,51662
78,2571,260,1196,6539,1527,5952,1704,1210,6377,318,597,4226,7153,4896,110,2959,4973,7361,3996,51662,4993,33794,296,8961,5218,3578,3948,8368,4308,5816
79,260,2571,733,1198,1199,593,608,25,3000,1222,110,356,2858,50,318,4226,1291,1197,1221,3996,741,924,1206,1274,296,1968,1411,1196,7361,1
80,1196,2571,260,1198,1272,593,318,1304,1291,858,1214,5952,589,1953,356,1221,527,3949,1210,480,110,1201,17,924,953,1079,1235,1276,2788,5618
81,2571,260,110,79132,2959,4993,7153,590,58559,296,2028,457,593,5952,750,1198,32,1230,4011,50,34405,48394,3578,2324,858,1221,7438,1197,356,527
82,260,1196,858,1221,110,527,318,1210,2571,1197,608,1356,457,1,47,1198,590,2396,593,1079,1387,1307,1225,17,1954,2028,1704,150,3996,1247
83,356,318,296,593,608,1704,4973,2959,527,1208,27773,1221,47,1197,2028,1136,858,1193,6377,32,4226,904,1089,1,2858,50,1028,919,1213,1214
84,1,364,1196,457,48,16,377,588,260,480,1097,1210,2141,2355,594,2858,1198,1270,47,110,339,733,1197,2080,318,34,350,440,4571,1258
85,608,527,318,356,924,912,1391,593,497,750,50,32,272,858,904,913,1212,1244,1247,1299,2076,6460,910,1136,150,1356,541,1208,1219,1222
86,356,2028,2571,5952,3578,33493,260,6377,5378,177765,7153,904,1212,318,2951,48774,99114,4973,6365,6934,34405,1527,3996,8961,914,1201,1617,858,1198,6502
87,260,356,318,780,79132,296,50,2329,1214,1270,5989,3578,48516,1196,1200,2571,527,123,492,1230,1244,6539,141,367,593,589,1210,6016,3147,4963
88,608,589,5902,926,5618,6377,68954,296,260,4973,72998,1212,3996,50,68157,79132,858,6016,29,714,66371,7099,89745,1215,410,2124,1225,2959,6874,4848
89,318,296,260,2959,1196,858,50,593,1198,1258,1221,608,44199,1193,1,1197,356,527,47,1213,1210,293,3949,48516,58559,68954,1035,34,7438,1214
90,4973,1214,81845,7361,4896,750,260,1193,7153,318,541,1356,356,5816,1197,1278,2571,4995,1206,4011,1,81834,8368,527,1748,8961,68157,4226,69844,1198
91,593,457,318,110,356,50,296,608,590,47,58559,2959,150,778,1089,480,4226,3000,2571,364,91529,589,6874,293,60069,2858,1527,38061,44195,10
92,593,1197,48516,1136,527,79132,8368,356,296,364,58559,5989,1278,260,1923,1213,1196,50,91500,4246,595,2762,86882,81834,88125,457,150,6377,4963,40815
93,318,2502,47,1213,1196,608,3578,1210,441,110,260,356,1259,1653,111,296,1,1584,54503,32,33794,1214,7361,2571,541,750,924,1193,1206,1227
94,1193,593,1270,1,109487,2329,356,1198,8961,2858,2028,48780,2959,318,527,2571,4226,7153,50,58559,79132,858,1213,48516,2762,589,1682,2324,5952,3578
95,296,1221,110,858,2571,480,608,260,318,17,527,457,1198,1197,2329,2959,780,1608,1196,3996,1573,595,377,50,91529,2019,2028,3408,47,593
96,2571,260,2959,1196,110,296,1222,318,1197,1199,356,58559,541,1213,1198,50,4973,1089,1208,1200,5618,1732,1704,3108,1527,608,858,1221,1275,4027
97,260,2571,1196,1210,110,2028,1221,5952,296,733,2762,3996,1198,1136,7153,858,589,6942,3578,527,2194,4306,2581,34405,4226,2019,1552,32,1197,6
98,260,1196,593,1210,296,1198,47,4993,2571,1270,5952,2959,7153,50,6377,1197,1291,589,541,356,1278,6874,318,858,5618,7361,31658,1199,2124,5902
99,2959,296,109487,2028,50,4011,2571,593,4993,7153,356,68954,2329,2542,47,1527,5952,99114,318,48516,60069,58559,1210,6874,5010,3578,1196,260,8874,1089
100,2858,4878,4973,4226,296,58559,7361,2692,6016,318,2959,46578,3578,51255,912,57669,38061,2918,48774,2571,1208,1089,1225,55820,1206,608,1270,8874,541,4027
101,223,592,260,2571,110,1196,296,318,32,457,2959,1291,2683,527,161,1270,356,1036,2716,1199,541,590,588,50,150,924,1089,1208,595,1198
102,4993,527,2571,318,260,2959,7153,79132,5952,356,3578,68954,2028,296,1198,91529,60069,2858,58559,4011,109487,4973,2324,2329,50,4226,139385,115713,44191,99114
103,318,296,1198,1196,50,356,1197,1,1270,2329,2959,5952,2571,589,1291,5618,91529,110,260,58559,608,1210,1136,2028,1240,3949,78499,4963,2019,527
104,589,1198,260,47,1291,541,1278,1617,1197,457,1136,608,750,2959,293,377,1208,1374,1240,1196,1233,296,1275,593,6016,1270,6,1079,1214,913
105,296,318,527,1198,2959,6874,1210,593,1291,356,5952,1270,1206,260,50,1196,1221,4993,7153,1197,750,1240,858,589,32,5618,7361,2571,1201,590
106,527,593,318,1208,2571,1089,1196,2762,2028,1214,608,260,356,1617,1210,1653,1090,912,969,1240,150,457,1269,110,750,1219,2329,1213,589,4226
107,2028,2858,318,608,47,2329,1213,3578,1193,296,4993,110,2959,1198,1291,1,50,7153,356,2502,593,527,44191,5952,2571,7361,260,1210,364,1270
108,318,296,165,344,593,32,293,457,99114,588,858,2959,1213,4993,349,333,1,50,8874,48774,57669,58559,46578,1196,608,6016,3578,2329,1136,7153
109,2571,318,2959,260,296,7153,110,4993,1198,1210,50,1,356,2997,91529,608,2329,2657,3793,3175,89745,2324,457,2858,5952,527,1214,858,1291,1196
110,1,356,318,1270,296,2571,527,780,1196,1210,3578,1198,4886,260,78499,1282,1197,1207,1247,3499,1265,5989,48780,858,79132,593,904,912,1704,3418
111,1196,260,2571,1198,1210,589,1291,858,296,1270,1221,110,541,1136,47,457,593,1200,1240,2028,1625,1214,50,3578,527,356,1213,5952,4973,2329
112,1198,2571,1136,356,3578,296,2028,914,318,27611,780,904,2762,1197,593,1213,165,1028,4973,750,5618,858,1208,1270,82459,4226,260,1196,81845,1210
113,110,589,165,377,595,260,318,480,588,356,296,1210,593,32,597,858,39,457,339,539,4993,1036,2571,527,367,5952,7153,47,293,780
114,1089,858,1196,296,318,1208,1214,1213,260,50,1221,2858,778,2762,1136,593,4226,1198,608,2571,1225,1206,1090,457,1394,2028,110,1097,2959,1304
115,2571,1196,1198,260,589,858,1240,296,1291,480,2858,593,1200,2959,110,1210,47,1089,457,318,1036,3033,1222,364,32587,356,1197,6711,1213,6
116,318,1196,296,858,2571,1210,589,4993,5952,260,1200,1221,1580,110,593,1214,608,912,1374,1704,541,1198,1208,2858,903,1732,2959,6333,7153,1240
117,2571,260,1198,1196,4993,1210,2858,296,110,364,1,2081,1653,588,318,3552,7153,3578,3114,1197,2716,904,1527,2502,4306,2355,1136,2762,6539,1291
118,260,1198,356,527,1196,780,593,5952,296,1221,1222,1,2028,4993,3996,6377,3578,858,111,541,750,1252,457,2019,2571,1208,1247,1299,1291,7153
119,260,1196,1210,296,2571,593,318,4993,2028,5952,356,7153,1214,589,4226,7438,50,1198,1291,1089,1270,7361,2959,541,1240,5060,1200,858,924,6874
120,356,296,457,593,364,527,318,588,260,150,1,500,1196,2571,480,592,595,597,780,589,587,1198,3578,6377,50,553,349,380,3996,253
121,2571,296,318,50,1270,4973,4306,1,110,1097,260,7153,590,7361,1214,1196,2657,541,4993,5952,838,1079,4027,457,1193,2858,2329,480,5218,5349
122,318,296,260,356,1210,1,1196,457,590,1198,1291,589,2028,608,527,539,1079,1610,1292,1193,1356,1208,1288,2788,529,778,357,745,588,1270
123,318,5952,4993,7153,527,6377,7361,356,1210,1270,2959,593,4226,260,4896,5816,2762,4973,5902,858,3949,1196,2997,1208,1198,296,750,30810,2324,3147
124,1198,296,5952,2571,4226,608,1196,4973,1210,318,50,1089,2959,356,260,111,2329,47,3578,6377,1291,4993,1197,110,2028,2762,78499,1199,1036,541
125,318,296,1198,260,110,1291,50,356,1210,1214,590,589,2028,1196,750,527,1089,1201,593,1,608,2959,2571,293,4226,3949,62,1240,1036,60069
126,318,2329,2959,2858,1193,1,364,2762,2081,216,356,858,1213,2078,296,48516,1196,2502,2571,1258,588,50,3114,1073,1221,1097,2694,58559,593,595
127,296,1196,2571,50,260,7153,1206,356,593,318,1197,1270,47,5952,1265,1210,5618,2791,457,1732,368,1200,2997,527,3949,924,10,110,608,4993
128,356,457,47,349,10,364,593,587,110,318,780,165,454,590,62,1,337,16,1282,592,440,1225,3578,36,527,339,1356,1196,3996,1197
129,527,260,1197,2571,318,1272,1580,1136,780,608,36,858,1221,480,1196,364,4226,2067,1198,4963,110,1923,5952,5377,2396,912,1617,1278,2791,17
130,318,593,356,109487,2571,4993,47,527,1198,79132,1193,7153,2959,2028,4226,47099,1,8961,4720,74458,50,48516,457,5952,296,4973,4306,608,6,364
131,356,1214,3578,1270,1196,1198,1200,5952,2571,527,260,1210,2329,1,318,3949,1208,4993,296,912,48780,589,4306,78499,4995,79132,1704,6377,34,364
132,858,318,296,608,527,4973,3578,2959,4993,7153,3535,5952,904,6016,58559,5902,1136,48394,98809,912,2324,46976,593,7458,6385,111,5418,778,6377,33794
133,1265,1356,318,356,1,2571,527,296,1270,150,2324,260,380,1307,2858,1198,589,1196,736,858,480,94677,32,1101,1580,92259,593,590,500,21
134,356,2959,2571,3578,1198,4993,296,1210,1213,2502,1291,2762,593,79132,2028,110,2324,260,3114,50,109487,858,2706,318,47,2329,3793,5989,7153,4022
135,608,50,318,2959,58559,91529,778,296,260,2329,1,32,527,47,17,25,1208,3949,150,110,5618,4226,7153,1193,1198,2858,7361,8874,32587,57669
136,2959,1198,527,1270,318,68954,110,1193,296,2762,109487,223,356,2571,3578,1197,7361,858,1221,50,2324,595,76093,96829,590,79132,2572,1387,1261,1136
137,296,356,318,527,589,47,1258,780,590,593,110,260,1196,1210,3578,2028,597,1270,587,25,150,480,1222,2762,32,595,337,16,79132,2858
138,318,50,527,260,356,1196,6942,4973,150,62,1198,2959,272,2858,36,296,280,780,261,1210,802,480,377,222,293,608,1,1172,1208,1225
139,318,1617,296,50,2571,527,1732,4963,260,1196,48516,6,79132,1193,356,457,589,1089,858,46578,608,2959,1208,2918,780,1270,7361,111,27773,3996
140,296,593,356,318,1221,25,2028,527,1196,587,1097,1213,736,589,1210,1240,246,780,1,34,1197,1291,111,858,1207,68157,457,5952,480,32
141,318,4993,356,5952,50,7153,7438,5618,6377,32,7361,72998,6874,260,924,1196,2571,296,1210,1208,2959,914,1136,31658,68954,5902,293,2124,4886,5060
142,318,260,4993,2959,356,1196,2329,2571,1,50,5952,480,7153,296,593,1213,3114,364,4226,1198,858,110,1210,8528,588,54503,47,1270,4306,79132
143,1198,2959,50,4878,296,1213,6377,1276,48516,1207,68954,1197,527,55363,4993,5952,3897,593,56367,31658,2144,38304,7361,69757,1721,2686,3100,5066,4226,922
144,608,296,2959,1219,904,858,1704,4226,50,260,47,1193,3535,364,44191,912,1104,1247,318,58559,66097,5902,74458,8641,2700,48516,1252,903,2804,926
145,260,2858,4993,356,3578,2959,7153,1196,588,364,1210,4306,4886,1968,5418,1197,8528,2762,110,1080,912,2571,6377,2716,3552,3793,5378,1732,1136,1282
146,1214,2571,356,593,318,5418,58559,648,260,2959,33794,150,44191,44199,91658,3535,1387,4995,110,4878,48780,1676,91529,92259,50,1193,1210,1391,48516,3275
147,2791,2858,260,3578,1136,296,2959,329,5952,1210,110,1198,7153,4993,1197,1,457,3421,165,588,1270,733,1079,1230,1288,593,3897,608,356,595
148,318,593,1089,527,296,2762,7361,1208,356,608,1214,4973,2028,912,1219,2329,750,111,904,4226,50,1617,3147,1225,1213,293,969,924,778,260
149,356,260,296,480,593,457,1210,47,1,32,527,364,1196,648,150,50,608,1198,1258,161,377,597,590,34,349,165,2571,1884,778,750
150,260,1197,356,4306,1193,1270,1673,81845,2571,2858,50,3510,8360,296,364,333,1234,1278,4973,318,1198,589,4011,551,783,648,10,3948,33615,53121
151,356,318,1704,296,858,1210,527,2571,593,1246,1784,50,1193,2959,5669,110,2858,4886,2329,150,8529,1259,1213,1222,4011,5418,953,1300,3359,3468
152,296,1,356,318,904,1270,912,750,780,58559,78499,858,1198,1199,608,1197,1207,1247,1252,527,2571,1136,1704,2959,5952,6377,4979,4993,1210,3578
153,296,4226,6874,2959,2329,47,4993,5952,2571,7153,318,1258,356,608,7438,2997,50,593,4995,1682,858,1193,7361,111,1221,4306,4973,1208,110,58559
154,2028,318,924,2959,1198,2762,111,593,750,356,858,1208,608,296,904,3671,1213,1214,1089,2571,2858,2329,260,1196,48516,1272,953,1219,4226,79132
155,260,1196,1197,858,1210,2571,1198,1221,527,1240,589,4262,1954,356,1219,3147,2028,592,3996,4306,3527,2572,8961,6539,49272,780,1089,648,2502,2763
156,318,296,590,110,1,6377,150,223,47,16,2502,356,1193,364,7147,1196,4226,33794,5952,593,608,50,1213,58559,6333,6539,1527,380,2571,2329
157,1198,1,593,356,380,1270,858,1208,608,318,919,3499,1674,527,1196,1035,1282,904,906,913,1212,5060,589,260,1246,111,541,903,1151,1259
158,593,296,377,25,1,21,318,736,150,527,356,780,2571,457,589,235,364,595,32,858,34,223,608,36,919,165,1036,866,898,904
159,2571,6377,318,356,2028,593,4306,2959,527,79132,4886,4022,296,1136,1089,4993,4963,588,58559,8961,1197,5618,2502,4995,5989,858,68954,7153,293,8360
160,318,356,593,4973,1,296,39,47,2291,2959,110,1968,50,5992,4642,6016,608,802,150,5618,8622,29,2599,3398,778,926,590,5791,66097,5902
161,7153,4993,1196,260,5952,1682,318,33794,1198,2959,7438,7361,2571,5618,4226,8961,2028,1210,1291,3578,6874,2329,4973,356,296,1089,109487,48516,2762,4886
162,296,318,541,110,590,2858,2395,50,1097,2571,457,527,356,904,1235,47,4973,1270,1089,924,1222,1225,1258,1387,161,1079,1198,32,480,3578
163,6377,4995,4306,4993,7153,5952,593,3578,318,356,858,1221,1,1208,91529,527,111,1193,1704,58559,1258,33794,1732,260,1225,1214,8533,48516,4262,1196
164,260,2571,1198,608,1221,1196,1200,25,858,110,296,924,1089,1206,1208,1527,1222,480,457,32,6,593,541,1240,1291,1275,1466,733,2968,50
165,2571,2028,1198,1136,1222,356,5618,110,260,82459,1197,3000,4973,60069,48516,780,1042,858,68954,1196,3996,27611,1201,3578,68237,914,81845,750,733,457
166,296,318,2571,260,1196,50,593,1210,17,7099,1,1221,356,480,165,858,457,590,4226,2959,589,364,48394,904,2028,527,2396,5952,1240,2599
167,260,608,858,296,1210,2571,318,223,1250,6,2858,2959,1272,150,27611,527,590,1204,1234,4226,44195,852,1196,2791,1221,2028,34405,7153,104,48780
168,318,356,47,260,1200,590,589,296,110,337,32,527,780,50,1196,1270,150,457,2028,2329,1,364,1265,1210,2502,858,1198,2571,588,280
169,260,1198,541,4226,1527,2959,2858,2571,1291,1080,33794,1136,2028,1617,2716,1089,8874,38061,589,318,51255,50,1240,293,1270,745,58559,4011,2987,49272
170,296,2329,318,4993,2858,1213,1196,5952,110,593,47,7153,109487,1193,50,1089,260,527,2959,4226,858,2571,79132,589,1198,1291,6016,608,2502,1
171,318,296,1,1282,3578,356,1222,47,4226,4973,1246,1036,6377,1198,527,4011,3996,1225,58559,1197,1196,4306,1270,1356,5952,780,2762,4993,150,7153
172,2858,1198,60069,1197,4973,1089,48394,914,1136,3000,904,356,7153,58559,7099,527,260,377,1210,7361,1028,5618,5952,2571,68954,1212,780,2028,296,1291
173,296,47,318,32,1089,50,1235,1,1213,2858,1275,110,1196,1214,608,2571,111,904,2502,593,541,750,858,1199,1222,1258,1394,1997,380,527
174,260,3578,2571,1210,2762,5618,733,48516,223,1193,32,4993,2959,1196,109487,318,47,50,1682,527,5952,7153,48780,79132,2028,608,111,1198,4370,3717
175,50,318,527,296,2858,593,912,356,364,150,4993,1172,1208,608,858,590,2959,34,260,1196,5952,1225,1617,1247,380,923,47,588,2396,595
176,356,2571,318,593,2959,1198,1193,79132,7153,48516,2028,4226,109487,858,1270,457,527,4993,260,47,296,50,6016,60069,48385,54503,1265,2858,1210,6502
177,1270,2571,1198,260,1196,1291,356,589,5952,296,58559,593,2959,5618,4993,7153,541,7361,4226,1197,1210,1206,31658,1240,1527,337,318,1136,6350,1732
178,318,50,2571,1356,780,589,1196,1,3578,296,608,380,165,1101,4973,48394,5902,4226,1267,91529,6942,592,802,2959,1265,1270,7099,1370,1617,356
179,2571,1214,318,1198,356,541,1196,1653,527,2502,1259,858,260,593,1732,296,47,590,110,608,750,924,1193,1206,1227,1258,1265,1584,1617,2858
180,296,356,593,260,527,780,4306,2571,1198,111,1196,1270,2762,50,1136,4226,2959,5952,318,733,1197,68954,457,587,4886,1213,1089,1210,2194,3578
181,109487,260,2762,733,2329,2858,1682,1193,2959,110,364,7153,1136,3578,527,7361,4993,5952,1270,2791,1374,904,1219,296,588,318,111,3160,1197,3717
182,296,318,2329,2959,260,150,1,4993,50,7153,2028,608,6539,1210,858,527,1270,593,1193,4226,2791,58559,47,1213,3147,588,589,590,5952,356
183,260,1198,2571,1240,4993,924,1196,589,1206,1221,1291,1274,7361,5349,1036,6711,2028,593,741,3000,541,1089,7153,5952,1270,1259,1961,1258,858,3996
184,318,4226,593,7361,1197,46578,1214,3949,356,32,79132,2762,1682,1270,296,1090,1208,7153,1673,1213,1089,1136,1345,260,1200,4973,2571,6377,608,1265
185,2959,4973,296,260,4993,589,1196,68954,4226,5952,7153,6874,293,6377,541,2571,1198,5902,50,7438,1210,318,47,1527,81847,3793,608,2858,1625,1291
186,608,296,356,2571,318,593,25,260,1196,1210,1732,1200,589,2959,112,36,527,1198,1356,1580,778,1240,2324,1374,1394,805,780,457,1206,1298
187,318,356,608,296,260,34,50,2329,1193,589,1196,1200,1270,588,480,527,6874,1210,2011,1198,2571,3578,1214,593,3147,3510,5989,33493,7438,49272
188,318,2858,2959,356,6016,296,1089,750,364,1197,3949,68157,1246,1682,589,110,58559,3578,858,1213,1221,1653,2918,7153,1222,1225,593,111,527,377
189,2028,1198,2571,318,356,6787,32,593,1210,1196,2858,3578,296,260,1617,924,1270,1265,51662,858,3363,1136,1197,1704,589,2791,1208,6874,6,50
190,296,2959,5952,1198,318,4993,293,47,7361,50,6874,2571,858,4226,2858,7153,593,1136,7438,1196,260,1089,6934,356,2329,778,4973,589,527,6377
191,318,296,50,457,593,1197,1258,260,1214,7153,110,608,527,2571,1089,356,4993,2762,2858,1270,1196,1200,5952,47,1198,377,541,2959,1036,1210
192,318,2959,48516,2329,2762,733,1,2858,1193,356,1213,7153,110,260,919,2572,441,2078,4993,5952,364,296,527,33166,2571,1136,1197,923,2502,32
193,1,780,736,104,356,1198,50,318,95,165,91529,4226,377,802,6333,6377,1291,58559,1356,527,2997,216,2959,1196,296,3578,260,1210,4993,7153
194,318,79132,1222,356,2858,3949,47,4993,7153,2028,58559,1682,165,5952,589,1210,527,2329,4226,2959,6620,8949,2571,4878,4848,377,4973,1921,5618,4979
195,296,2571,1258,593,1198,1206,608,260,1196,4226,2160,780,1270,50,1259,47,1240,1356,1199,3578,2023,318,3793,2959,1676,104879,316,1374,1376,2700
196,1198,2028,356,2571,858,593,919,1035,5060,3147,318,904,2872,1196,1527,48516,913,2312,2565,2918,733,2000,2858,914,2115,1258,58559,2959,3578,4701
197,2571,1196,4306,6377,356,318,5952,296,7153,4993,4886,6711,1198,5418,6539,4226,6333,7361,3578,1136,8636,1291,592,780,34162,1197,53996,260,1704,48394
198,318,1,296,780,356,2571,1196,593,4886,1270,50,47,527,76093,58559,78499,3101,260,1198,837,648,4306,6377,4226,2959,44199,79132,112852,1197,1207
199,593,296,16,47,356,457,480,318,2028,2502,337,590,110,364,25,587,1258,253,527,736,2355,2959,235,282,10,780,225,333,1097,339
200,1198,260,1291,593,1196,457,1136,589,1200,47,1,1210,1272,377,480,908,1221,1270,1356,1234,1197,296,2571,5952,110,367,541,1266,1275,1278
201,2571,1196,296,593,1210,112,32,260,165,457,318,589,733,588,2028,2858,608,2700,3052,1240,1200,1198,2959,50,1089,541,344,364,223,1199
202,593,47,527,110,590,318,356,16,2959,457,4993,364,39,2329,296,2571,858,337,253,4226,736,235,1704,165,595,6350,225,150,1221,4022
203,356,3996,6377,8961,7153,260,68954,5618,3793,318,5952,1221,2302,6539,1267,4306,48780,8368,899,2918,110,1287,1617,8949,904,919,1676,1954,34338,5010
204,608,318,50,296,1089,2959,2997,1199,111,778,4973,6016,58559,4979,6874,91529,260,750,714,6773,2599,7438,6502,4641,48394,47,858,1222,66097,593
205,318,1089,593,1208,2762,2028,527,296,1213,608,50,1214,356,2571,2959,2858,111,293,7361,7153,1225,4993,5952,260,904,1219,79132,858,924,4226
206,750,4306,1193,8360,1214,3948,1073,260,318,2571,2858,1197,4011,1673,3751,1,3510,541,1356,4886,5419,50,78637,48780,4995,32,551,2028,6,25
207,318,2858,589,47,296,3578,50,4993,2571,2329,480,32,7153,593,2959,858,1221,5952,4306,1249,2683,79132,1682,2324,1527,1,1136,4011,778,1089
208,2571,260,1198,527,110,318,1196,858,1221,1200,296,356,3996,733,50,1089,8961,589,4886,3578,1617,1197,4306,480,2115,4993,1954,1,2058,6
209,356,318,3578,6,1527,6787,527,50,750,46976,2028,1408,1617,1198,260,1210,589,2302,593,2918,35836,51662,1265,926,150,904,1356,1196,1262,1208
210,318,1213,858,1089,296,2959,1196,1208,50,4226,2762,527,2329,1198,260,1214,2858,2571,1221,593,5995,1136,608,904,4993,5952,7153,1617,1258,1307
211,1198,356,2571,296,608,1270,2028,1196,1197,1291,593,3578,1210,2762,2194,260,904,1272,318,5952,1617,82459,3363,50,1212,919,4306,6377,27611,750
212,1198,50,318,1270,260,1196,296,356,1291,62,593,1374,527,780,1,589,2571,1240,3949,1210,110,590,150,1197,5952,1201,8961,480,1200,47
213,2571,1196,858,260,3996,1221,318,5952,1198,4226,48516,1617,296,1240,6539,2858,33794,1527,1291,1210,1036,110,4963,592,480,589,1954,3949,457,58559
214,318,527,260,356,2959,2571,2028,1196,589,1198,79132,1704,110,1240,50,4886,4995,2762,150,4993,1221,4306,1201,6377,5952,1036,1210,5418,69757,78499
215,318,1198,5952,2571,4226,1197,2959,1291,356,4973,7361,1136,50,296,1196,1089,541,1222,48774,1199,2858,1246,5902,5618,2716,4993,58559,745,3949,1080
216,364,356,47,590,1,480,318,110,593,150,58559,10,2502,380,296,2571,457,1198,1265,260,4226,1036,1196,16,527,62,1200,1291,33794,2791
217,1196,2571,356,318,7361,260,1527,3033,1198,1200,296,1968,1221,32,3793,1704,1214,3702,858,1036,480,741,1089,590,1210,1240,6711,4963,1270,457
218,318,260,356,1196,110,1270,2858,1206,32,589,1210,296,2329,527,47,5445,457,593,33493,1136,1213,2571,1198,912,1080,1089,151,2959,1653,364
219,1196,2571,593,1270,1198,5952,1527,4963,260,50,1291,60069,223,58559,8636,6539,318,2959,6874,2011,1210,48780,589,588,8961,778,2023,1089,1221,6934
220,318,296,457,593,1272,1221,1196,750,1247,260,1210,1197,1198,5952,480,608,1252,527,912,590,1291,1953,377,50,1230,1267,17,969,1307,595
221,16,2502,593,3052,318,296,356,1,1196,47,110,1197,150,260,1210,1527,1291,2028,1198,3793,590,353,3275,8874,595,2959,1215,364,33794,34405
222,318,356,296,750,527,590,1196,1704,2028,1259,1198,589,457,260,1210,1214,1208,1,1252,1193,608,293,1247,1079,1291,50,3949,1240,1304,150
223,778,1198,2959,5952,50,296,2571,6874,4963,1291,318,904,608,1193,1089,5902,1237,2858,4226,4973,1884,260,6016,1197,3996,1196,3578,1212,2028,6711
224,296,318,2959,2858,4878,58559,2918,51255,1210,260,1089,356,1197,1270,593,7438,1196,1,4226,7361,38061,4973,6874,8874,33794,1198,2571,1704,68157,46578
225,1210,2396,593,4973,2571,318,2959,1704,58559,1197,110,104,260,1196,4226,2324,858,2797,296,1247,1213,2671,2762,527,7361,4878,2858,1259,1270,2144
226,318,260,1198,1196,1210,50,296,1291,4963,2959,58559,2858,1288,778,2571,1221,8874,57669,51255,1208,5418,593,608,32587,2329,7361,1136,1704,2028,858
227,593,1196,296,260,1210,356,1270,1,1198,5060,2194,1784,1291,1028,111,318,904,555,1035,4993,1387,2324,2762,1358,1732,4034,1207,1079,6377,32
228,260,1196,2571,1198,4306,1210,6377,3578,5952,356,6539,4993,1270,780,76093,60069,7153,1527,6333,858,1291,318,736,72998,58559,1197,2028,1240,53996,4896
229,318,527,2571,1198,296,1193,2858,2959,47,1265,2028,1,356,2502,110,608,750,1653,4973,7153,1732,904,1213,1214,109487,1259,1073,1206,3552,7361
230,593,527,2762,912,608,2571,2959,1136,1089,110,111,296,356,318,1206,7153,1219,904,7361,4993,5952,778,1214,4226,1221,858,1208,1272,1617,2028
231,2571,1196,260,1198,110,527,50,3996,541,1199,1222,318,457,1275,5952,296,2194,1210,3578,4993,1240,733,1200,1197,592,924,356,1291,876,1221
232,1196,318,260,1210,5952,2571,1198,1291,1221,1197,1272,858,527,1304,1225,60069,7099,6539,4993,7153,590,750,1193,2028,1208,480,593,8961,147374,147382
233,1210,356,608,3578,2571,296,4973,5952,5902,4226,1198,1199,260,2959,4993,318,6874,6377,2762,7153,2028,1196,1270,1136,32,8949,6333,1212,7361,48394
234,260,1198,2571,1196,318,1210,110,2959,296,589,1291,58559,858,1197,51255,4226,1221,59315,5952,457,1658,2858,913,60069,4995,1527,33794,2396,46578,2918
235,318,296,2858,110,50,2571,2959,1198,1193,904,47,356,527,541,2502,7153,1252,1235,3552,1089,1653,4993,2160,2028,1219,1265,457,1968,1387,161
236,527,2959,593,457,318,1,110,296,2571,356,246,608,32,648,3147,1270,3967,357,1961,150,215,2324,3448,2858,50,2692,4973,590,11,151
237,356,527,318,58559,150,858,296,110,1704,2028,1036,593,480,1,1214,2571,1721,69481,1136,260,32,47,648,1200,1197,71535,2716,2396,364,3147
238,110,593,260,2858,356,527,589,318,1196,2762,4993,5952,7153,1210,2028,2329,858,1222,2571,2959,480,1036,1213,4011,25,16,47,1,608,72998
239,1196,296,1198,2571,318,50,356,1291,593,260,5952,1210,4963,480,364,527,2959,780,904,2700,2329,2028,858,1,110,4226,1193,908,17,3176
240,296,2571,527,318,50,593,1265,912,1193,110,356,858,2858,1213,590,1210,1089,1197,1222,260,1704,608,2028,1221,904,1208,1230,1252,1,1968
241,1,527,356,780,296,1265,3578,4973,318,5991,595,58559,1036,56367,48780,4226,802,2997,4979,1198,50,1136,1380,6942,6377,46578,39,8533,364,597
242,2959,318,7153,2571,4993,4011,296,356,109487,2028,527,91529,99114,1198,79132,47,50,4226,2542,68954,2329,5952,139385,2858,44191,8874,8641,60069,1210,6502
243,356,593,296,50,318,2329,2959,590,110,260,150,1213,349,2858,1136,608,2028,858,1221,1704,457,2571,1197,4993,5952,527,1210,47,161,380
244,2571,4993,260,924,1200,593,7361,1199,1206,356,1198,3000,1196,608,5618,4014,1291,4973,1222,1748,1466,91529,4995,58559,2959,32,1704,3996,4226,6
245,318,457,356,110,150,593,47,364,595,165,50,2858,454,1198,367,590,3578,1617,1203,349,377,3421,1214,480,904,1136,924,2791,1079,1304
246,318,50,5952,608,593,4993,7153,296,1198,1136,1230,1197,750,1193,7361,48394,6874,858,1208,527,1199,4226,2959,58559,1235,1288,91529,1304,1196,1291
247,5952,296,1198,608,4993,318,7153,5902,750,48394,593,1197,50,1291,5618,1210,2959,1199,4973,1270,4226,1196,356,1206,260,1208,32,3949,7099,1089
248,318,858,1198,2959,593,2571,296,50,48516,1213,1136,4993,7153,4011,79132,4226,3578,2858,1089,1197,1196,1617,5952,1221,904,2028,260,58559,32,778
249,356,318,590,260,1196,1210,296,457,5952,110,589,593,4993,7153,2571,527,2028,1,150,480,4226,1304,1240,539,62,357,1221,50,1198,1704
250,356,593,6377,318,745,720,50,296,527,1617,750,3897,1183,912,858,1222,1252,111,4226,1625,648,4306,6016,6323,2028,1208,1212,1247,1263,608
251,318,2571,356,296,1196,7153,5952,4993,527,3578,260,2959,589,1210,50,6874,110,4306,2762,1270,4226,2329,7438,1704,7361,2194,6377,1198,608,6333
252,356,296,1210,4993,50,7153,260,1196,79132,5618,7361,2959,318,2571,480,5971,47,593,608,5952,5902,410,541,32,1199,1274,778,293,31658,6807
253,1,356,6539,480,58559,150,318,3793,364,589,6377,34,780,6874,588,1197,1206,380,377,5952,7153,1210,1193,1732,2028,6333,68358,1198,2716,4226
254,296,50,318,1196,2571,356,1197,1198,5952,593,1247,1,6377,4963,2959,904,912,1252,1219,91529,608,6942,44191,69481,79132,81845,81847,1270,1104,5971
255,4963,4306,2571,1198,318,72998,48516,5989,364,63082,67255,293,58559,60069,4993,7153,33166,6942,6863,91500,69122,1270,6711,3578,6539,4239,4995,32587,49272,6377
256,318,527,858,593,1208,1221,1196,2028,750,4226,457,5952,1961,1214,1089,2762,356,608,2571,969,7153,4993,590,1198,1210,50,32,924,7361,1213
257,110,480,589,1198,260,593,150,457,296,3578,1136,1214,858,356,1200,2571,222,1221,161,349,539,1291,912,454,50,377,1196,1036,1721,908
258,2028,2571,296,1198,356,6377,260,318,79132,4226,2858,7153,2959,858,1136,48516,1270,293,49272,5618,7361,1196,5952,1210,914,8961,5060,68157,4993,593
259,58559,91529,79132,318,356,527,33794,5952,4993,7153,1198,3578,68954,92259,4963,260,50,1387,1997,48516,588,122916,2571,59315,1,2959,4306,5418,2028,1214
260,318,527,110,2329,296,2571,356,3578,4995,457,2959,858,3147,589,593,4022,1196,1265,4973,50,357,5445,368,1405,2502,4993,4306,47,2916,1653
261,296,318,3578,608,5952,2959,47,593,260,4226,4993,7153,2329,2571,1198,1210,4973,1196,2762,527,58559,78499,7458,54286,110,8665,293,1,356,344
262,318,4995,2324,527,3751,4886,81845,750,4896,1,7153,4973,8961,6874,5816,72998,68157,73017,1214,8368,364,5989,3578,30707,4306,7361,3147,4993,2571,745
263,296,1198,50,1196,2959,47,318,2571,356,260,592,5952,3996,1197,1291,110,589,608,2858,3793,527,2028,1089,48516,858,7361,4963,1080,32587,48774
264,318,4226,296,356,2571,858,5952,1089,1222,3793,1221,6016,6333,8949,4034,6377,8961,4973,111,4993,778,1617,2858,1196,1356,1097,47,50,32,593
265,1198,480,1196,589,356,1240,296,260,587,1197,1200,2571,32,1356,1136,1210,733,1291,2683,2716,457,780,25,4995,1,4973,5618,5971,1721,2959
266,296,260,593,608,1198,2959,480,1291,25,318,2355,2683,50,91529,150,1,1197,2329,32,733,1259,4993,2028,58559,1222,47,356,2762,2858,4226
267,260,1196,2571,858,45722,1221,296,110,2959,1704,1198,25,1240,5952,318,4973,58559,1356,1210,608,6539,33679,780,3527,47,5989,7361,56757,1580,6333
268,318,260,589,593,150,356,110,296,47,457,2571,1196,1198,527,480,32,858,39,266,50,300,608,780,3552,134130,58559,1249,778,2959,475
269,318,589,356,260,593,110,4973,3948,750,1214,296,2571,4306,7153,1197,81845,527,509,3510,541,1356,2502,4886,1198,2028,2858,50,1704,551,3147
270,750,260,2571,541,81845,1214,4027,4995,4973,1193,1197,6874,3948,68157,1673,1356,8360,3510,1097,71462,4306,4896,2858,50,318,1198,4011,551,7153,5349
271,260,110,2571,1221,589,858,1210,318,32,5989,356,480,1196,296,1240,4993,5418,5952,165,590,2028,457,1625,1198,4226,541,1610,2762,7153,79132
272,4993,4226,318,2571,5952,2959,7153,593,2028,1198,1214,356,541,2858,296,1704,1222,293,1288,1217,1961,1089,2762,1284,2683,1203,1213,5673,8874,590
273,260,2571,1196,1210,4993,2959,296,318,588,110,50,364,5952,608,593,356,7153,2858,4306,1136,1197,3793,1214,3578,92259,858,3114,1704,1291,2324
274,318,590,356,457,1196,1198,1291,110,1197,296,539,150,1079,1387,62,1259,260,1210,527,1610,2028,1247,480,1,1214,2396,1704,750,1252,608
275,260,2028,593,16,1,457,527,589,296,2502,318,150,47,364,110,1270,2762,4226,480,6377,2329,1210,39,356,1196,1291,165,1704,858,1213
276,1210,2571,1198,260,68954,1196,2858,58559,1193,2329,858,1206,109487,1,48516,356,2542,3275,4011,318,1208,2762,32,1136,111,1036,44665,110,1291,33794
277,356,593,296,527,318,1704,2571,34,589,349,110,1193,357,4973,2329,50,377,597,858,1246,1210,2959,1240,1253,4306,161,590,457,1097,1213
278,593,356,296,1,7153,4993,260,165,527,318,1219,1270,2858,780,50,5952,2019,94677,648,1198,1196,924,1208,2959,8528,858,1250,1953,2968,671
279,2571,296,1198,356,1196,3578,5952,6539,50,1222,778,48516,593,260,60069,318,2959,3949,6377,91529,2028,608,80463,4993,7153,2762,45722,1527,1291,4963
280,1291,260,1208,589,1198,912,858,1196,1136,457,2858,1262,2571,1233,1200,1270,2028,1197,318,1080,541,1201,608,1247,2997,1221,750,7361,593,8874
281,1197,858,1278,50,1198,1136,1387,1221,1610,1214,1196,1304,5952,2791,1265,2396,260,1220,1079,2858,1206,1954,2918,4993,7153,541,2542,2716,8874,480
282,296,318,5952,50,2571,4226,1196,5618,2959,260,1198,1210,593,4993,1197,293,7153,7361,5971,2858,589,58559,2329,1291,6874,60069,1240,750,541,1206
283,1193,318,2329,593,2028,33794,7153,58559,4993,110,260,68954,91529,1213,1,356,5952,527,480,2916,316,380,1265,922,2959,96079,858,1198,588,48780
284,2571,260,1198,2028,318,356,7153,3578,1210,1196,1193,296,47,858,8961,5952,4993,2858,608,2502,1213,48516,1527,1136,1240,589,110,1259,1,1291
285,318,110,47,353,457,150,2571,3578,89492,32,33794,1732,223,1517,1704,134130,50,58559,111759,280,337,2791,1073,1198,4963,79132,1208,780,333,595
286,296,2959,608,50,47,318,5902,356,593,4226,4973,1884,3793,778,6874,1704,44191,66097,6016,1625,48516,6377,5952,81847,110,74458,1089,1198,1219,4963
287,4306,318,593,595,4226,588,6377,58559,1,5952,7361,356,1197,858,1136,1584,4993,4027,908,4886,480,2762,953,608,1198,527,1193,7153,904,1210
288,318,296,593,1291,1196,356,1,2959,589,2028,150,260,590,457,1198,7361,527,587,2716,4963,2329,858,1210,480,1197,1270,16,588,780,25
289,318,260,608,356,527,593,32,50,858,150,480,457,2571,1196,1198,1376,58559,953,253,1210,296,110,364,151,165,288,969,597,1356,3793
290,356,318,47,590,364,110,2028,1196,480,296,593,1,589,1270,253,150,2762,1198,1197,10,380,58559,1210,2502,1527,16,260,4226,6539,337
291,7361,1089,593,4226,318,2762,2028,293,2571,2959,3147,4973,1208,356,3949,44191,4878,79132,296,4993,608,1214,2329,5995,7153,48780,2858,5952,1617,778
292,318,1196,858,904,4226,3578,296,1272,1250,1221,364,588,1210,48516,457,260,2571,1617,4306,2028,2959,480,1198,6333,4993,5952,1262,750,924,595
293,1198,2571,2616,260,318,79132,203,249,381,413,481,748,880,916,922,1049,1125,1298,1441,1982,2686,3100,4019,527,648,1100,1256,1196,1210,3114
294,318,296,356,110,527,593,3147,47,4993,2571,79132,150,457,590,480,1036,2268,2028,3578,1222,2762,4963,36,780,1097,736,3421,589,364,919
295,356,296,1,110,480,364,150,47,589,593,5952,260,527,3578,4993,1210,318,590,1206,2329,4979,2959,608,1196,1704,69481,457,858,1200,1214
296,2571,318,356,1196,589,1198,3499,527,1035,1282,4886,3578,1653,2028,260,1210,2918,91529,1408,7153,110,2762,1617,1356,2194,919,2302,50,4226,296
297,356,318,1270,1246,500,2716,2797,2762,2396,1704,1198,260,4306,3793,296,1028,1302,590,3578,2959,587,2395,1196,1,3175,2571,858,2918,1258,110
298,318,3996,527,296,356,5952,6377,1198,2571,587,2762,4993,898,260,1196,111,110,36,7153,750,2924,3972,1197,246,7361,608,293,593,1252,60069
299,260,296,1196,3967,1721,593,2571,858,1221,1222,222,2581,1136,778,2959,1407,110,4027,1208,1732,589,1357,3668,40629,608,4973,106782,592,1240,168
300,318,356,858,58559,79132,296,2959,1,527,110,33794,50,54286,4226,44191,500,1073,47,48516,593,5445,30707,480,1089,2329,2571,32587,589,1036,1721
301,5952,1225,1193,1968,356,2324,79132,1196,1197,593,5902,5991,58559,2571,110,608,2959,296,111,904,4226,318,6787,2858,926,32,316,1198,1291,4963
302,2571,7153,1198,4886,260,1,4993,1197,1356,5952,81845,318,3578,2324,750,6377,50872,4306,1240,68157,60069,8961,72998,59315,1196,68954,99114,4995,780,1221
303,2571,1196,110,457,296,1198,260,608,329,593,733,1291,41566,32,480,1222,5349,1573,318,1466,858,1221,1200,1259,5952,1079,1136,1394,2300,1035
304,4995,165,1,3578,58559,5952,1101,2572,597,49272,588,112,367,356,260,1210,1704,318,4973,4993,7153,91529,51662,377,2724,1380,56367,852,6539,45722
305,318,50,296,2959,356,750,527,110,590,593,1089,2329,3949,4226,608,6874,5618,5952,1221,1201,4993,1198,60069,1222,1206,858,27773,1213,7153,91529
306,296,356,2959,318,47,593,608,858,1197,5971,293,2571,1210,1089,2028,1208,79132,4993,1270,58559,6807,1198,225,778,1222,4239,7153,750,48516,480
307,296,593,1036,2571,589,1198,318,1968,1240,858,1291,1,50,1270,919,2194,329,260,5952,2028,3147,480,110,457,1200,79132,21,58559,3363,3421
308,318,296,1213,593,356,260,1208,1198,608,1196,858,293,2858,337,50,150,1089,2028,1097,457,750,904,1193,1225,913,955,1258,903,111,1221
309,318,356,296,593,364,5952,7153,1210,480,1270,260,1196,6874,589,2762,337,2011,2716,32,1,1197,47,527,2571,7361,10,2174,380,4993,1206
310,527,589,260,296,318,356,858,110,367,1270,1210,3578,47,2028,32,353,364,337,1221,2959,608,165,111,3147,1653,592,36,1196,590,7153
311,318,296,5995,858,593,4993,3578,2858,7153,293,2324,7361,3793,2329,2959,2571,1617,2028,356,4306,48394,2762,32,5952,904,480,30707,111,48516,1276
312,110,47,296,318,590,527,457,165,337,480,32,780,356,589,16,2959,25,595,150,593,280,333,260,858,1221,282,36,235,2571,364
313,260,110,593,608,1198,5952,2571,1196,17,25,296,6377,4993,457,356,1221,7153,1291,2019,32,527,1,50,318,1222,5349,6333,2028,6539,590
314,296,590,318,3578,6874,2571,1198,2858,7438,1089,2959,750,2762,50,6539,58559,1199,904,1235,1210,1196,1214,1073,457,1387,1206,1193,527,32,3793
315,318,2959,4993,7153,296,356,5952,778,2858,6016,4011,2502,7361,3578,2571,3949,1080,4878,1206,3052,3793,1136,4226,32,2657,4306,1732,1527,2762,165
316,2858,1036,296,1997,6016,1198,593,3052,4226,5952,260,3681,1089,1288,4993,3499,608,1196,1214,2580,1291,2991,1258,16,2716,1,858,1213,2791,1208
317,296,356,1196,2571,318,1,589,50,380,6377,593,736,110,2194,7153,608,1405,1073,10,508,2762,780,3114,3101,2959,104,788,802,1265,3916
318,318,296,356,1,590,780,858,527,593,50,457,2959,4993,1221,260,480,589,6,16,8961,62,1213,1527,110,1210,2028,2329,2502,3147,592
319,1196,356,260,1198,593,296,1210,6377,858,2571,2028,1270,750,5952,1625,541,7153,904,924,4993,1136,1212,5060,1617,7361,7438,4226,50,3578,1222
320,318,1198,260,1213,858,1270,904,1196,2571,527,2858,2762,356,2329,296,50,2959,1704,4993,5952,7153,1210,1089,924,953,1250,79132,2028,3578,81845
321,296,2571,110,50,318,223,260,2762,608,2858,3578,1136,1197,32,356,590,1,2028,3717,4993,527,111,1193,2959,1732,25,457,2329,47,1210
322,296,318,356,50,527,593,858,47,48780,4995,110,589,2329,111,1089,2959,3535,778,595,608,79132,780,3578,2571,58559,1196,3147,112556,6016,5989
323,7153,4993,2959,5618,260,2571,1,356,593,109487,6377,1197,79132,4306,2762,5952,68954,80463,109374,8961,32,6539,47,318,2028,4973,1198,60069,4995,1270
324,318,356,7153,296,4993,3578,2571,4995,4306,527,6377,2329,4963,5989,1270,30707,260,81845,72998,364,5952,50,1198,73017,3147,4886,293,8961,2194,4011
325,296,593,356,150,318,780,47,1,527,587,590,39,589,260,25,110,2858,480,750,2028,337,50,1197,253,2502,595,1258,16,2959,1923
326,296,608,2959,318,47,1961,4973,2329,33794,858,3578,2028,1210,1136,1732,6377,4226,356,778,1222,6711,1198,5902,7153,7361,1196,16,6188,32587,6874
327,858,260,356,318,1193,527,750,1221,1136,608,1732,1198,2028,1196,111,1197,1210,1704,1247,2959,1,1262,1079,912,2571,2858,1240,1089,1208,1252
328,318,356,296,593,1198,736,780,34,110,377,590,5952,1,3996,1291,161,587,480,1196,2194,2571,527,223,1270,104,788,1204,3471,3543,4011
329,593,296,527,260,2959,1200,1196,1617,1198,1208,2571,1079,1732,150,6,1304,858,318,457,50,356,1288,1240,2028,922,480,589,898,1267,588
330,318,50,296,4226,2959,58559,1089,1198,1291,3949,1197,54503,2329,2700,4963,48516,7361,1527,38061,44195,1704,778,593,2858,62,364,2571,165,46578,541
331,318,1136,608,296,7153,1210,260,1073,2997,4993,7361,4973,32,1206,5618,5952,104,661,1265,1,50,671,6874,2959,4571,5971,1291,2005,2502,46578
332,318,50,58559,2959,4226,1198,4963,608,2571,2329,48394,5952,7099,10,364,780,480,1291,457,110,1196,1089,1197,1,356,27773,47,592,6016,2028
333,2858,318,858,2502,2959,1214,1278,296,527,480,260,32,589,2329,356,3052,4993,7153,2572,1732,58559,1393,1387,1193,541,223,1206,592,4226,1265
334,1198,1197,318,50,3000,4973,5618,608,1207,1136,7361,2329,5952,296,60069,7022,5902,2959,5971,4226,1291,48394,32,6874,1036,1527,2858,58559,1270,7099
335,2571,318,356,2858,527,3578,593,7153,364,47,50,7361,1198,58559,1193,4226,5952,134130,260,4993,457,780,2028,608,6016,63082,1,5995,296,1196
336,318,296,50,1,1193,1197,4973,4226,593,2959,356,1089,48394,66097,5991,47,58559,74458,608,4886,1270,68157,1198,2571,926,955,29,44555,78499,1207
337,356,318,2571,593,1197,110,296,589,457,50,1265,1704,1198,161,590,1193,4973,349,1213,81845,5218,527,1270,1673,4011,1240,586,1485,1682,2028
338,1,356,527,260,1196,1265,5952,3578,858,1210,2028,2329,296,648,69481,4993,4226,593,2762,912,7153,58559,2571,2959,6377,111,541,1222,480,69122
339,296,356,5952,1210,1265,593,4993,7153,1198,260,527,318,4226,3949,1291,1073,5618,1206,2959,1,1196,1197,750,595,1270,1136,1240,4973,32,46578
340,593,356,318,50,527,2571,296,47,457,161,590,260,380,3114,1193,2329,364,25,7153,471,349,44191,165,292,2359,3363,1,4993,5952,10
341,2571,527,2028,858,1291,593,1210,356,1200,4306,110,3996,2762,1198,3147,260,1196,2858,457,1242,541,1136,1197,4011,4993,589,47,2115,6539,2329
342,296,2396,318,2997,2692,1,4226,910,50,2858,923,1136,1230,1035,608,750,858,866,904,908,912,930,1199,1206,2019,3503,4914,1060,150,590
343,356,318,296,527,2571,899,1210,1270,1,58559,593,1196,4306,2918,6377,1197,260,6874,7361,904,2762,608,2959,5952,914,858,6539,595,1704,3578
344,2571,2959,318,4226,48516,2858,2028,858,1198,5952,4306,780,1617,8636,904,1356,4993,7153,1196,1036,58559,1136,2502,165,1250,293,1,50,1201,1270
345,260,4993,1198,7153,356,318,4226,858,480,110,2571,2028,1221,10,32,5952,589,2762,1210,47,79132,165,1196,5989,4022,780,1240,1270,161,608
346,1,2502,110,3793,1732,6539,318,2028,32,588,589,223,356,165,47,6333,260,364,1527,1206,4306,457,4226,4993,4011,1197,5952,7153,5218,480
347,260,2571,1210,3578,1196,2762,1198,110,356,1270,3114,527,1374,3717,3793,1,733,357,1214,318,1193,2858,1240,1136,1197,1275,589,32,1527,38061
348,318,296,1270,356,1,3578,1198,527,78499,593,1196,1210,858,50,1136,5952,2571,260,6377,58559,608,1213,79132,4995,112556,4993,1197,1207,1247,2959
349,296,318,2858,356,1,2502,2571,2959,2329,110,47,50,260,1089,1213,364,2081,1196,109487,3552,1235,593,1968,2028,1265,441,2078,919,594,44191
350,356,1210,318,1704,4995,150,364,106782,1391,62,103335,1270,527,58559,5218,63082,260,1253,48516,3578,296,88,333,344,370,466,648,780,783,1042
351,296,1210,260,5952,356,2959,4993,7153,1196,5902,6377,1198,4226,318,5618,48394,608,1206,79132,2329,31658,7099,4973,2571,1240,1270,7361,593,29,50
352,50,318,7099,7153,2571,5952,589,4226,1210,750,5902,48394,60069,4993,1196,527,4973,5618,296,1198,260,53125,29,714,66371,1201,31658,79132,1240,6350
353,593,318,356,2959,4993,8961,2571,1193,527,2028,5952,260,1,4973,2858,44191,904,3114,4002,116797,122912,187593,5618,46578,7153,50,58559,60069,68954,3910
354,165,364,780,296,4963,2571,480,50,2700,260,2599,3176,1198,1291,377,1608,4226,1,5902,5991,110,1036,2959,8641,48516,1210,66097,2324,1197,5952
355,2571,2572,4896,5952,35836,1580,4226,2858,4995,72998,76093,79132,81834,1196,1210,1704,89745,112852,527,54881,595,4886,41566,356,6942,1356,920,69844,119145,122904
356,318,457,296,593,4499,858,2329,608,260,480,1278,1272,527,51662,589,2683,3671,2028,2959,35836,6,1580,1,34,588,50,1197,910,1265,524
357,296,1196,589,260,593,457,68157,1291,47,1208,527,4993,2959,318,5952,4963,57669,71535,1213,1221,1198,1197,150,541,1270,357,356,7361,89753,736
358,593,110,296,50,2028,457,318,260,150,1214,589,1136,356,1210,47,1196,590,480,161,2571,858,1408,6,1721,2502,1291,1200,588,1258,1198
359,318,296,50,110,593,457,2571,356,2716,3578,260,541,2762,4027,47,1732,1198,589,1196,333,3552,778,2959,33794,1222,293,223,6,4878,1210
360,318,356,527,590,608,17,16,5952,261,508,7153,62,593,110,1221,2028,858,7458,32,3578,592,2571,1196,2329,1097,2858,923,25,50,150
361,110,541,527,593,318,3578,1200,1210,356,1208,1299,480,1183,296,5952,1036,589,1198,1214,2858,457,2028,608,1291,4993,1240,260,508,590,1097
362,296,356,5952,318,750,50,608,1198,260,1210,2571,593,7153,2959,1221,527,5618,4993,1270,1199,1222,1196,1089,2329,1206,111,1252,4226,78499,110
363,318,2571,356,79132,50,296,2959,7153,2329,4993,590,4226,1193,3578,4306,1307,5952,4973,6377,3949,587,527,68954,912,364,4995,5418,7143,8360,3418
364,356,318,2571,4306,593,527,1197,2858,150,589,1704,50,858,110,260,4973,1246,8360,33615,53121,62999,78637,95105,103335,4886,509,4995,1270,296,2502
365,2571,6377,1,2959,318,2028,2858,8961,48516,1704,356,2762,110,1617,79132,589,1276,457,858,1221,588,3578,2289,2918,5418,4226,4995,2194,50,1270
366,356,296,593,1197,7153,260,1196,2028,2571,6377,318,1265,858,7361,1136,4993,5952,1210,4226,1198,608,1208,7438,1214,5618,2858,3363,70286,32,68237
367,296,318,260,2959,1210,356,2762,4878,4973,7361,593,2571,58559,1197,2858,1196,2918,1270,38061,3897,8874,4226,1704,1198,8784,51255,33794,3481,150,2396
368,296,318,593,356,5952,4993,1198,260,608,47,50,5618,4973,91529,2571,1291,527,7153,2959,480,1199,39,1035,1282,110,1089,1196,1210,1270,6377
369,1198,62,1270,296,318,1968,1136,1252,750,316,1036,8636,4979,2797,858,912,1193,903,608,4973,50,2959,588,5618,1,1219,1527,509,780,527
370,296,1219,608,50,356,318,858,904,912,1104,1247,5991,2959,1193,66097,81847,1704,5902,1197,74458,926,955,1252,2804,5066,69122,593,47,1198,1271
371,318,589,356,1198,110,588,1196,480,595,2571,4963,364,3996,593,32,49272,457,5418,5952,592,1291,8961,3578,908,905,1287,1356,260,6874,1
372,527,2571,1198,260,457,356,318,296,3996,4993,1,593,2959,110,497,223,1196,1291,1222,2194,50,858,1221,720,1265,4011,4306,1270,648,1036
373,2571,4993,1198,356,110,2324,7153,318,296,50,2959,1270,593,260,1193,1,2858,778,541,32,457,3578,597,2716,608,92259,1230,47,590,1080
374,593,2028,1193,2571,2762,356,2858,1198,3578,608,318,1265,858,2959,48516,109487,7153,47,110,1196,7361,4226,260,457,1,750,1258,5010,2329,296
375,1356,260,1196,1210,1028,7153,1,8636,5952,1270,527,6539,1256,1136,1036,6016,4973,165,2918,1207,1221,3114,4623,1198,2716,8961,356,81845,914,5010
376,1196,165,318,296,2571,1,1210,260,480,1198,593,1240,1291,590,1221,457,858,589,904,2028,5952,1356,4963,344,1036,780,592,1272,908,377
377,318,110,260,47,3793,50,1210,356,595,1270,2571,5418,4973,253,32,1196,4306,593,8360,2858,3147,2028,151,165,457,353,1527,5618,62,590
378,356,318,296,1196,7153,4993,260,2571,1704,5952,5618,7361,1136,608,6377,1197,7438,2028,1210,8874,2959,858,2918,1198,1265,589,4226,1193,2762,1213
379,47,296,2329,608,2858,318,1193,111,2762,2959,32,2028,1198,2502,1213,7361,260,1196,1,1265,1258,48516,589,593,110,750,1206,50,109487,356
380,260,1196,2571,1210,356,318,1198,527,1,590,457,1291,296,2028,858,150,17,1356,593,2959,1079,1387,1221,2761,50,1610,1247,1307,750,1259
381,1198,1270,1291,1197,2571,541,1374,1200,260,1136,1272,1208,8368,457,589,2858,5902,1233,1278,1196,1240,8961,608,1225,912,2692,1610,3996,58559,1036
382,356,1198,260,1196,318,5952,4993,2571,7153,593,1210,1270,608,899,913,750,1304,50,904,1208,60069,1199,4226,5060,1197,898,919,1947,527,296
383,260,318,2571,1196,1210,296,380,588,589,592,58559,110,5952,161,50,4993,7153,1580,3793,150,339,3175,1704,50872,59315,47610,333,3671,1610,261
384,608,260,296,1089,1136,1196,2959,1198,1210,356,589,2700,110,2599,1079,1265,2683,1610,2762,541,1206,2716,6016,1517,1275,1476,778,1394,1291,733
385,2571,1196,1240,1198,593,260,1270,1210,1,3793,1356,47,356,589,780,1199,165,2762,1374,1097,6333,296,318,4993,480,32,1291,110,62,4226
386,318,2324,356,2858,50,2571,296,1193,590,1307,2657,593,1270,1172,3418,587,2396,345,2959,4973,628,527,32,1302,7361,2431,500,1704,364,4993
387,318,1193,2028,2502,3793,6377,2329,356,6333,1196,1200,527,1732,260,590,296,858,49272,1,3147,68157,2571,6539,150,6874,1210,8961,4886,1206,589
388,68954,58559,4306,364,356,2959,588,318,2571,3396,5618,2028,260,4993,5952,69757,1197,595,1035,4039,81845,520,3552,59315,4090,4886,116797,2987,1907,3398
389,318,356,50,1704,296,527,2571,1246,2858,593,750,1214,81845,4973,150,3948,858,260,1197,589,1253,1198,509,7153,1270,1784,122918,1391,1303,2502
390,356,318,1193,1,858,3793,527,1073,6539,68954,3578,4306,593,1704,54286,81847,58559,904,1104,1247,1721,76093,296,1961,1197,2959,1265,33794,5066,1219
391,1,356,296,150,2028,593,318,590,260,2502,780,527,2762,34,1270,1197,480,587,1213,4226,1704,736,16,1196,1291,1210,60069,58559,2329,39
392,110,296,1196,2571,457,318,260,1101,356,50,1197,1198,2959,527,11,497,1036,1213,1220,223,1500,4308,3996,1200,1222,2028,592,1270,1610,2716
393,2571,72998,318,356,5952,177765,1196,2028,1272,99114,1198,1201,904,260,48780,111362,1210,2628,4993,914,1304,4022,5989,2023,5349,1270,111759,7153,4995,1208
394,2571,2959,296,318,79132,50,1193,593,2858,4993,1270,356,1625,6874,4226,858,33794,4878,7438,7153,5349,5445,541,4995,32,2324,1221,316,1,1213
395,593,3578,356,2858,858,457,527,2028,750,1617,480,2762,1198,1193,608,260,1196,2324,912,1206,1221,111,904,1252,32,2396,150,541,47,50
396,296,356,5952,1196,4993,593,2858,1214,4306,2571,318,47,4226,50,1198,7153,104841,110,590,3578,2959,1036,2329,1200,134130,3147,2762,2028,1080,1089
397,3793,353,2502,6333,318,2028,47,6539,1732,1,110,223,16,8961,364,2791,1527,33794,6377,1196,1291,4896,7147,1387,253,50,356,1193,1206,68358
398,356,260,1270,318,4993,5952,1196,2329,7153,1210,1198,7361,5989,589,1197,296,2571,2858,1200,47,6539,2011,3578,79132,1374,367,593,6377,66097,1136
399,2571,3578,260,1196,1198,318,356,608,296,858,4226,2028,3996,1136,1617,6,2762,1210,27611,1270,1213,1408,1221,904,5952,2194,4306,527,593,1222
400,356,5952,1282,541,4226,5618,780,7153,1199,750,4973,5971,318,1,296,1035,50,60069,2959,1240,904,5902,589,1101,2019,608,293,68954,913,4993
401,2959,1197,296,593,858,356,2028,318,1089,4993,1278,2571,58559,5618,608,1704,555,2329,50,4011,47,111,588,6016,68157,1210,7361,2918,2078,4226
402,318,356,2571,296,593,608,50,260,527,2858,1196,110,4973,1210,1198,4993,590,4226,2959,1193,1,2329,6016,1214,3114,1104,111,541,858,903
403,2571,527,111,91529,1,802,318,1193,1198,4993,7153,68954,4973,79132,47,296,50,1252,788,904,903,2959,736,92259,58559,68157,356,1247,858,2324
404,318,2571,2858,4993,5952,527,1196,1,7153,296,541,1193,50,260,590,1136,608,2329,1214,6016,2028,593,1073,4226,364,3114,6539,1198,904,1235
405,356,318,296,110,589,590,527,593,595,47,1,364,500,1196,1210,3578,480,780,260,2571,1653,1193,5952,1198,380,349,588,1240,1200,4993
406,318,593,356,380,2959,165,150,349,296,260,10,457,2571,47,377,153,364,1196,4993,6,58559,91529,292,293,454,589,7438,858,7153,3996
407,318,356,2571,1196,858,1136,296,2028,2918,1210,260,2762,589,2959,1270,914,48516,608,899,1265,2502,99114,32,7438,1704,1213,1408,1617,5060,904
408,1208,318,1214,858,1213,6502,593,260,1196,3421,3363,1304,1215,4226,2762,3949,2302,589,1250,1408,1272,4002,1136,924,1089,555,2571,4993,5952,7153
409,110,223,356,590,318,1,480,32,457,364,47,150,1527,260,1196,1270,589,33794,3793,1210,1197,5952,4226,1198,353,380,4306,6333,151,62
410,4226,2028,110,356,2571,6377,318,2502,58559,590,364,1200,2329,1206,1193,79132,1,260,1196,32,1270,47,4973,2959,1036,589,60069,50,1198,3114
411,2571,318,296,260,4993,7153,356,50,3114,1210,110,1,6539,1196,2959,4306,480,1214,5952,68954,109487,588,317,40815,593,5618,1219,60069,1198,91529
412,260,1198,356,1196,318,364,1291,2762,480,1270,10,1197,593,1210,1704,589,2028,5952,7153,16,50,1,58559,47,4226,3052,2324,2502,1387,349
413,318,527,593,750,1276,1221,1272,260,608,1198,110,2028,1252,3101,1035,1953,1259,1291,480,21,457,539,590,1079,356,1961,1193,1208,1230,1247
414,318,1198,296,356,1196,590,1291,260,1,2571,2959,527,5952,1210,7361,2329,780,50,1270,3949,6350,1221,592,593,60069,2858,5218,6016,58559,858
415,1,356,296,6377,318,780,2571,802,4886,1196,1270,736,837,6539,5971,68954,5952,541,4226,5618,1265,58559,78499,4963,53125,6942,44191,69481,79132,81845
416,1193,2028,356,110,296,4226,2858,589,1265,4995,858,1,1206,364,4306,1247,3578,1732,2762,1200,1196,2916,480,1682,2502,47,588,1136,441,904
417,296,2571,50,356,5952,111,6377,541,4226,4973,608,593,318,1196,4993,1210,589,2762,7153,49272,2959,6874,1198,260,293,6934,4963,2028,48394,1089
418,318,296,2028,4226,110,2571,1210,527,2959,589,356,50,2762,260,47,33794,51662,48516,5952,111,1196,1222,1198,593,2329,7153,3578,1240,32587,5903
419,296,608,356,2571,318,1198,1196,1270,593,5952,7153,6377,91529,4973,48394,3101,50,1089,1197,2762,2194,4306,260,80463,1221,7099,2028,45,1272,2023
420,318,5952,296,7153,50,4993,608,6874,2959,4226,4973,7361,3578,6016,48394,2571,49272,260,541,7438,6377,8961,5902,293,6711,3996,589,1196,1210,7090
421,1,2858,802,780,1136,6874,736,50,541,1222,647,1356,788,48774,1246,11,1265,111,5952,356,1199,318,3300,3793,1252,3949,2686,924,1197,5618
422,356,296,318,457,527,593,110,151,111,47,750,337,50,1270,253,1222,3996,1198,2571,5952,353,431,1223,1208,32,1199,1204,4011,235,4993
423,318,593,1193,527,1198,2858,2571,109487,7153,2959,858,4993,608,1653,2762,2028,7361,2329,356,1265,750,1258,1213,1682,5952,1196,541,1214,1206,4370
424,356,296,589,47,7361,4226,79132,2959,4963,590,150,110,318,2571,5902,2858,60069,4993,5952,6874,4848,49272,541,1243,3081,5618,5971,6942,7153,4973
425,356,296,110,2571,5952,318,592,780,1196,527,1,2599,1221,858,7099,593,1193,50,589,480,7153,48394,333,1198,1608,364,595,2324,111,904
426,593,296,1089,1208,2571,58559,750,1213,356,608,527,912,1221,1252,858,111,260,1222,2762,79132,4226,1193,924,1617,1219,908,1196,318,2028,3671
427,858,356,750,912,1219,1247,2997,2959,3793,1276,1968,1221,111,1252,923,1267,1198,1242,2150,296,318,908,953,1090,1259,7153,2706,608,1952,1954
428,593,318,1036,1198,377,1,2762,1210,6377,527,457,4306,1136,1207,1704,3114,1265,1370,2000,919,589,1197,858,1213,1270,1291,1196,47,1307,595
429,356,2959,3578,3717,4306,588,260,1197,6539,50872,364,3793,5349,1,296,223,2762,595,6333,2006,1210,318,5378,1527,4016,216,3114,8961,1258,109487
430,2571,527,296,260,1196,50,318,1198,780,356,47,858,589,608,110,2028,1210,165,54001,58559,79132,122882,593,48394,44555,515,480,4896,8368,40815
431,527,356,318,858,260,2571,593,2762,296,2028,1258,110,1097,150,380,2959,4993,608,1213,1210,111759,1917,2268,1265,60069,1198,1214,590,1552,316
432,296,260,2028,50,1221,5952,858,318,7153,593,1210,4226,2959,589,1291,32,293,47,1089,1200,110,1240,1196,480,1222,4993,1201,58559,1036,2571
433,296,356,2571,1,1270,4306,260,6377,1196,318,3578,5952,1198,1210,3418,590,1307,345,253,2396,2762,4993,2194,110,2352,2797,1291,593,1376,1883
434,2571,50,4963,4226,5952,60069,4973,48394,1196,58559,1198,608,7361,260,44191,60684,7099,5902,5618,293,1291,2959,3996,1527,57669,5991,49272,541,3000,318
435,356,1196,296,6377,260,1210,2571,4993,5952,1270,7153,2918,3421,1198,5902,7361,4886,2959,1208,32,1704,3363,1214,8874,7147,5618,1197,7438,318,4128
436,2571,1196,260,1198,2858,318,904,1235,1270,1214,1210,589,541,1193,1073,296,1206,1580,1527,356,2321,1732,1387,1252,588,122904,750,903,923,1228
437,318,1258,110,924,457,4973,6016,4226,1,165,48,2987,364,7323,6711,7361,2571,7153,1222,79132,1206,736,7451,4993,223,4571,81834,527,916,1225
438,457,260,318,1272,1198,590,593,1250,1196,480,296,4963,1291,150,165,608,112,858,2028,1262,2571,1210,904,1221,908,2858,1517,1225,34,527
439,2028,2571,356,1198,318,50,750,1222,296,904,858,110,1136,1580,3578,5952,6787,1208,593,608,541,4226,2115,1617,1527,2951,48774,7153,913,914
440,318,589,356,296,527,858,2571,2959,32,3578,590,110,5989,1196,2858,2329,84152,593,33493,480,457,5952,47,260,778,2762,2150,134853,150,6874
441,356,318,6377,1704,1198,1196,6539,750,1262,924,953,1250,1272,2028,69122,904,68954,61024,1208,34162,4886,1204,1945,119141,142422,93510,46972,1252,5952,4022
442,2571,6874,296,2959,79132,356,1682,68157,3578,32587,2329,1270,7438,2324,2858,47,2028,1210,4993,4226,4848,4995,260,1196,106782,1206,4973,1089,2716,7143
443,318,4226,6539,2959,58559,296,2571,48780,260,79132,1136,8961,858,2329,1704,919,527,47,356,50,48516,78499,593,1682,2762,2028,1089,4886,4306,44191
444,318,296,50,1198,2959,527,1270,1210,2858,2571,260,2324,1307,4993,590,1,1196,541,356,3114,364,588,3361,6,457,1214,79132,92259,1387,1265
445,296,356,318,1210,3578,1198,608,2571,260,1270,593,527,50,2028,780,3147,111,1252,46976,750,1196,2916,1199,2329,91529,1214,1193,1247,2762,5952
446,318,296,527,2959,50,593,2571,1214,260,1210,58559,79132,590,1196,4993,4226,1221,1198,1213,47,356,858,1200,364,588,377,608,1208,92259,32
447,260,3578,2571,2762,1198,356,593,1136,1197,1653,2858,2324,858,527,1210,110,1196,4993,1374,924,2028,2959,1221,3717,589,1291,92259,541,750,1265
448,593,296,318,356,527,480,111,2329,457,231,589,5952,1197,2959,4993,736,1196,858,364,223,2028,2502,3147,1213,51662,590,2571,5618,110,1
449,780,1,1356,296,356,318,858,736,58559,7451,380,926,955,527,6942,50,110,648,1196,595,1215,6016,1271,5991,48394,500,1270,80549,1265,88163
450,2571,318,2858,50,1197,4226,3000,1089,1222,1221,3996,2959,858,296,356,260,2329,1199,4306,10,1036,593,778,750,1196,1954,608,1198,293,1
451,1214,1197,2571,50,2858,318,1278,7153,750,541,1198,260,4973,4011,68157,1356,356,81845,1,47,296,527,2329,4306,1193,10,4993,1234,4226,60069
452,296,260,608,2571,1198,47,1210,1196,1199,223,1222,293,733,112,1200,589,32,2959,110,1089,1136,1208,457,3949,4226,1214,778,1732,480,541
453,296,318,50,260,165,1,47,364,1196,112,344,2959,1210,293,48516,58559,780,592,593,858,2700,4226,1036,904,51255,1193,223,333,1704,648
454,296,32,6874,110,356,608,50,2858,318,778,926,6773,165,237,377,480,500,589,6711,91529,47,1,4878,2599,1089,6016,592,588,3793,7361
455,318,296,527,260,2571,110,2502,1196,541,1136,1198,4993,1073,736,1265,50,1,1213,590,2804,919,1028,1214,1097,2081,317,4306,111,608,903
456,356,1704,296,50,2571,858,593,318,1246,150,2858,589,5218,1197,527,1784,3948,2360,2329,1213,110,1208,1252,1303,2762,1193,597,293,1288,8360
457,356,593,110,318,1,589,364,260,380,608,112,527,296,317,47,74458,457,733,4995,161,225,367,2571,1196,5952,708,780,6,56174,1198
458,296,50,32,111,608,1193,593,2858,318,590,858,47,17,527,2762,356,750,337,357,2329,1206,293,589,260,7361,1258,1214,1265,25,904
459,296,318,2959,2858,7153,608,5952,5618,858,593,4226,2571,1136,32,8368,7361,4993,1197,778,1198,260,1206,6377,68954,47,2028,79132,50,2762,924
460,2028,2571,356,7153,32,1210,5952,608,260,6,296,4226,2858,47,293,8961,2762,5903,30707,1196,1356,1617,1136,4993,589,858,318,5902,6377,593
461,318,296,2571,6377,50,593,2858,1089,356,1208,1682,1136,858,4306,589,7153,110,6874,1193,1221,2028,4993,5952,8360,527,6,2959,1298,150,111
462,318,110,165,260,223,1291,33794,10,1198,5952,7153,589,1265,608,47,480,2791,296,1196,3671,590,58559,150,1197,4993,457,5418,364,367,32
463,356,318,6,1267,2571,2028,1265,3793,589,1196,110,912,1704,1617,527,1247,296,5952,7153,1198,4306,2762,111,1252,260,3578,51662,4226,1276,541
464,260,1196,2571,356,1,4226,111,296,3996,904,1210,3578,1356,1252,1193,1704,5952,527,1198,2194,4306,318,110,2302,2918,1212,780,1270,6333,6377
465,47,356,589,318,480,364,110,1270,296,32,339,457,260,1196,39,1210,2011,780,150,280,333,337,1198,543,597,165,595,50,588,1
466,318,1089,296,593,7361,50,7153,4993,5952,2959,2762,4226,2858,858,1208,260,2571,293,1213,1225,608,1196,778,1198,2028,1206,3147,1214,32,1221
467,593,318,527,260,912,608,356,858,2076,457,2858,4034,232,265,898,919,1259,1196,1188,1250,2762,904,1219,1299,480,79132,589,1208,1073,2599
468,2571,260,356,6539,4993,1198,1196,1210,3114,296,480,1270,8528,2762,2657,50,3996,1035,2006,1,4963,3578,2858,1584,364,2081,4011,47,1639,8360
469,356,593,296,1270,364,1,260,2762,480,589,16,4226,6377,318,34,1210,1196,1198,1291,2571,1197,1584,1721,2028,2716,527,587,1387,1193,150
470,260,2571,296,356,3114,2329,110,318,1,2858,593,590,1210,7361,3578,1193,1214,47,1213,364,161,588,6016,50,527,7153,4226,457,1196,2959
471,318,296,50,858,2571,356,2959,593,7153,1198,1196,5952,2858,3578,2716,6874,4226,7438,4973,608,1136,293,6377,47,527,1682,4993,1036,48774,2028
472,356,2028,150,924,260,1196,858,1208,296,593,3578,527,2762,318,1136,72998,1200,48516,904,1270,2571,1198,1214,1222,608,70286,1617,2918,1517,3363
473,1198,58559,48516,2762,3578,858,296,6016,318,79132,2959,1213,2951,1210,2858,4226,54286,527,593,1136,260,1036,1196,7153,8961,50,2542,1387,30707,4963
474,318,5952,296,1197,150,1270,4993,527,1291,260,2028,1,2716,48774,58559,590,3949,2959,1704,356,1208,736,1210,858,2329,7153,6539,1196,50,912
475,2959,1089,2571,318,858,4011,2858,593,296,1213,904,1208,2028,1198,1214,79132,111,74458,260,50,68157,1221,52281,1617,608,1219,4226,7153,2762,2542
476,260,1193,2762,1198,2858,3114,2571,1,904,541,32,1210,1196,480,2081,2000,1275,1252,750,3578,364,111,608,2355,2761,1214,593,356,2396,1235
477,318,296,50,110,356,2329,2959,1198,593,5952,590,2353,4993,1221,527,457,62,2028,2502,3147,1197,858,1213,2571,5618,592,480,780,1270,91529
478,593,260,608,1196,1197,457,2858,1198,898,908,912,1449,778,1291,2791,1213,1237,527,1073,1641,4306,1136,1258,2762,919,904,538,1719,150,296
479,296,318,593,150,344,590,356,153,260,51662,4993,110,47,457,1291,231,2028,527,736,225,292,339,337,1210,380,10,595,480,25,587
480,318,296,2959,608,2329,50,58559,527,91529,593,35836,745,1148,1208,1223,3949,4973,1291,7361,1704,5902,1197,4993,1080,1220,1270,2716,8874,48774,1136
481,356,50,79132,2028,110,1704,4993,5952,7153,150,593,590,318,527,480,1210,47,2324,68954,2571,91529,58559,3578,780,7458,79091,92259,62,4022,4306
482,318,457,260,296,32,593,1221,608,858,17,480,1,590,25,527,1210,1196,150,364,1225,1250,1198,223,1247,47,904,1204,1230,1234,246
483,5952,296,1197,4993,593,1291,318,1196,2959,1198,2329,7153,5618,260,1270,2502,50,4226,858,750,47,1136,2571,1201,3949,1089,1206,1210,6350,48394
484,260,296,1196,318,1210,1208,593,858,1387,750,223,457,1136,1214,912,1233,1262,1304,1198,1950,1240,2858,589,541,1291,1247,1276,2571,5952,2028
485,296,2959,223,318,4993,260,50,2858,58559,2329,32,356,2571,79132,337,858,3052,3114,1,1732,1210,111,608,5952,593,1221,1213,1196,364,6539
486,1193,593,608,3578,527,318,2762,1265,2858,2028,858,47,1198,541,750,1206,1258,260,7361,50,110,111,4973,6016,1214,924,1227,1259,1584,1617
487,356,318,296,608,32,47,50,1198,1704,2959,1199,5902,4993,593,29,7361,1136,589,7438,5952,51662,4027,353,4642,3471,6,110,6874,48394,1235
488,296,356,608,4973,2959,1198,6377,68954,5618,318,32,5952,1197,5902,47,2571,50,2858,778,858,1206,260,7022,1089,2028,7361,2144,1291,6874,111
489,593,780,150,1278,47,296,1270,778,50,589,318,260,1200,1197,2683,1374,457,1198,111,329,541,1233,590,587,509,91529,454,6539,8368,2396
490,1,78499,356,1198,2959,1073,1356,1210,1028,150,4226,104,260,919,58559,1208,500,2791,788,608,1265,296,1035,2918,110,3949,165,377,2858,1230
491,318,593,1208,1089,527,1214,2762,296,293,50,2028,608,2571,2329,2959,1219,912,858,356,1213,111,904,750,1617,4993,924,969,1653,1090,1225
492,593,356,318,527,296,2858,2571,2959,1704,4886,34,1270,858,377,50,1246,2324,2360,4973,1784,32,364,1210,509,1,150,5445,589,2762,1265
493,2571,1198,1196,260,296,1,1222,6377,1036,1291,457,1573,356,3996,1275,1199,2194,1240,110,1270,1197,1200,32,6,541,50,2716,3578,593,876
494,1198,780,260,5952,1,356,736,6377,1291,296,4993,318,2571,3578,1270,5349,1049,1438,593,6539,7153,2028,802,1356,647,733,165,1527,45722,53996
495,260,1196,1291,589,1,356,6,1198,1210,1200,480,457,1197,1136,110,1580,1270,2571,296,1214,593,527,150,318,924,1240,590,2329,1527,608
496,356,750,527,608,1212,32,904,2324,5060,913,296,367,480,46976,593,2997,165,4973,906,1219,1244,1263,2968,6807,364,5617,1,10,457,500
497,356,318,104,3578,589,110,1,2571,527,296,2329,3147,1198,1210,1265,1073,377,260,1196,788,858,2858,2959,3499,588,5952,500,32,1270,216
498,260,2571,3578,527,7153,1198,318,4993,110,1374,1270,2959,2762,2329,593,50,356,1210,1193,91529,1,5952,3114,1291,1136,1197,2791,3717,733,79132
499,318,356,50,32,527,608,47,150,110,1,296,590,364,223,2502,260,58559,8961,6377,593,1527,4226,480,1197,4306,4896,7147,745,1148,4011
500,260,2571,356,1196,589,592,1197,1210,1291,1198,858,318,2683,2987,1517,1097,2028,1036,1270,47,2858,2700,1617,4011,2502,2396,593,541,904,1527
501,318,2858,296,2571,50,2959,356,1704,7361,1193,527,1253,7153,1265,1246,1210,4973,1198,2329,4226,357,110,1270,63082,593,5995,47,1784,4886,2762
502,260,296,318,1196,1198,2959,1080,50,1210,2858,912,1968,608,593,32,923,589,1213,1580,2571,2788,5669,1291,1136,47,316,1270,357,2329,5445
503,356,318,296,1198,1,1199,608,750,527,260,5952,50,1035,1197,1196,1282,4973,1270,3578,1210,110,593,497,345,2194,417,1204,3421,111,541
504,68157,296,58559,608,2959,318,2858,79132,74458,527,48516,1089,1213,2329,50,68954,750,1208,923,1265,4226,48780,1304,913,260,1258,2502,47,2918,3578
505,296,593,318,1073,260,858,79132,4886,1136,74458,4993,58559,60069,68954,1198,2571,589,1196,1210,48780,47,50,91529,1214,68157,2987,3578,4306,595,356
506,58559,2571,356,1198,293,79132,150,161,457,494,589,1233,6,480,377,2028,99114,109487,2959,48516,81834,88125,1196,349,32,296,474,733,92259,79091
507,318,527,296,50,2858,858,1193,2329,2571,1196,1,1221,2959,4993,5952,1213,593,912,1208,1136,608,2502,260,111,903,750,47,79132,2028,110
508,4226,318,32,2762,4993,5952,2571,7153,47,2959,356,541,1196,1247,593,1203,296,2858,1,1198,1136,527,110,5618,50,1089,8636,337,25,912
509,1270,296,356,1198,1278,47,1136,1199,50,260,5618,593,2028,48780,7022,1036,1196,1291,367,589,750,924,316,1201,1197,8961,780,2,1200,2959
510,318,593,527,356,50,47,32,150,3100,595,590,357,457,39,260,296,454,151,36,4995,110,246,904,481,4019,919,1210,1270,33794,587
511,2571,2028,356,318,48516,4226,2959,1198,51662,296,3578,5952,1704,1356,5903,593,1617,1527,6874,2762,32,1580,8949,7153,6,1210,899,1408,914,7361
512,2571,2028,1,527,4973,1198,50,260,7153,3578,1265,60069,68954,4993,44191,318,1193,2959,2324,2355,5952,858,593,3114,1270,480,8961,68157,4226,1221
513,2571,318,2324,527,1193,1,50,858,79132,2959,2858,2028,7153,4993,1221,3578,109487,92259,48780,106782,4973,5618,5989,4886,1198,356,2762,4226,48516,1270
514,318,296,2959,593,2571,38061,1210,1196,260,58559,51255,1527,1704,8874,356,527,457,4878,1270,4226,1291,8665,2028,150,7361,4973,1197,57669,2918,33794
515,356,318,32,4993,1208,2028,2571,5952,4027,1704,7361,858,7153,1136,296,1210,1198,3147,30810,778,47,6,1196,608,2959,593,5902,1682,1732,1527
516,356,457,296,110,318,150,454,32,593,50,527,47,1136,48516,1089,253,1028,260,587,1198,4995,2571,1042,2959,1225,780,597,785,1476,2968
517,318,4993,7153,2571,5952,150,50,356,4306,593,1,4226,6539,527,6377,6711,4995,7143,3114,1136,5445,4886,1196,1210,260,480,8961,2959,2762,588
518,296,480,150,339,356,1259,110,161,185,207,292,595,1207,1197,48516,318,1198,175,68157,1042,592,252,62,364,261,147,1213,457,1278,222
519,318,2571,50,296,858,1221,79132,4226,589,1089,1136,1298,2329,2959,356,2858,1193,8961,6874,1617,2918,5989,7438,527,1307,1610,44555,1196,555,904
520,318,50,3578,593,4226,1196,296,1527,58559,858,2959,608,260,8874,57669,4995,1193,6874,54997,6711,54503,1198,5418,1610,778,1036,4963,51255,904,49272
521,2858,50,260,296,1193,3948,1673,8360,750,2571,2028,78637,4886,6874,1,6,4306,858,47,2329,898,1784,4896,318,7153,610,1214,1253,1676,1704
522,318,260,1196,1210,2571,356,527,5952,1270,4993,1198,50,593,296,1221,858,5618,750,58559,7153,1089,2959,60069,1252,1193,2028,1704,91529,2329,1291
523,4226,296,5952,4993,7153,6377,7361,32,2959,6874,318,1210,260,7438,5618,2858,858,1196,72998,356,50,68954,79132,5902,2028,293,47,1206,30707,68157
524,296,2959,356,2571,480,1213,1196,1240,1198,318,733,260,353,1527,2858,1090,1222,1291,2716,1210,1089,1,1036,4011,16,589,1200,2355,2502,1394
525,1291,1270,1278,2028,1198,296,8874,541,318,457,316,2571,1208,4226,1610,1527,2959,6,8961,2918,51255,50,30707,1213,1197,4993,780,5952,912,2692
526,356,150,1073,480,110,500,780,317,1,364,527,2,3578,292,34,377,589,380,104,608,216,597,1198,1210,47,7153,3916,231,529,344
527,593,296,356,318,260,1210,587,25,1,2396,150,597,1196,2571,58559,3949,5952,4995,2959,2858,7361,4308,590,32,5418,457,1197,2918,4226,339
528,1196,260,1210,2571,1270,356,2918,904,5952,1291,1222,1198,608,7153,4995,1704,1732,3253,527,296,2716,2329,3578,216,441,110,1954,6539,50,1089
529,356,593,318,296,150,364,349,527,62,2571,161,590,1210,1391,344,293,2324,509,103335,50,1704,4886,589,34,377,597,47,3147,7153,1784
530,260,1213,110,2959,2858,318,2762,4993,364,527,356,2329,1136,1197,1196,1089,2502,1374,33794,3578,1682,1235,1,1527,1198,5952,7153,919,47,2572
531,2571,1136,110,318,1197,1198,858,2028,296,4973,260,1196,1213,589,60069,2959,27611,7361,913,541,34405,1221,5618,1042,608,780,924,910,1222,914
532,2571,318,296,1199,1,50,858,4886,1089,3000,1221,1222,7361,1036,750,2959,356,4226,1197,1207,593,1258,6711,1198,741,899,902,1411,1527,3996
533,356,318,110,296,2571,589,50,2959,5952,48516,1073,7153,47,2599,1196,2028,2918,480,592,1198,380,593,1036,4226,4993,1704,926,780,1,457
534,1196,260,457,318,593,1198,1291,904,908,858,912,150,1304,590,480,5952,2571,1221,1953,4226,589,7438,965,1079,1214,539,924,1235,1272,3949
535,592,150,168,356,590,380,497,110,261,2571,11,357,50,318,919,2396,151,317,589,28,368,161,595,223,2706,5620,1270,1101,1958,2423
536,318,2959,2329,58559,1,2858,527,111,356,1193,109487,593,1213,68954,3949,2762,48516,588,3114,296,8961,364,1235,2028,4027,1089,673,904,608,260
537,1208,2028,1089,356,1213,1214,593,2571,2858,296,7153,527,47,608,50,1617,1221,2959,5952,924,3949,858,2762,48516,318,1206,2542,3147,1203,778
538,296,593,356,1198,377,1291,2571,318,150,260,2959,110,589,1200,457,480,364,1214,1197,1196,527,1961,47,1527,293,1682,2028,7153,4995,6016
539,296,260,2959,858,2571,293,356,47,1198,2858,318,7153,593,50,608,1210,1196,778,8961,4226,1197,4993,5952,7438,6377,5618,7361,1136,1193,6874
540,5952,1221,1196,1198,527,260,608,296,1291,2571,1225,2019,1210,1208,1136,1272,7153,2028,750,1252,858,4973,48394,5902,5991,780,1356,2194,593,2762
541,527,47,1198,32,1291,3578,356,109487,1193,5952,7153,318,1682,296,48780,79132,1270,1213,364,4993,2858,260,4370,5618,541,608,367,74458,50,33794
542,296,47,2959,1704,293,6874,4226,111,593,4993,5952,7438,1089,858,50,318,1682,110,1193,356,7153,2571,51662,4973,32,8950,48516,2028,5902,2329
543,296,318,2959,6874,858,2858,1704,593,4226,1136,50,2028,1196,1193,1247,7361,1288,4993,5952,7438,904,32,2571,260,1210,7153,47,6711,1252,111
544,527,1193,1210,356,1,858,2858,4306,1784,1704,318,953,1300,3359,3468,1259,1265,541,1097,63082,480,246,3730,5669,2997,32,1270,1246,150,4995
545,260,1210,1270,1097,589,318,296,1196,590,4022,32,593,68954,2011,1240,110,2571,1,47,4993,7153,16,2762,1580,1356,1721,356,527,25,34
546,2571,1196,260,318,1527,1198,858,1221,541,1206,1214,1200,1617,1089,1653,1240,3147,33794,780,608,5349,924,1208,296,1036,110,3527,750,1265,1997
547,1196,2571,589,1198,1240,260,318,3471,356,1210,1270,1200,296,527,2028,480,150,3996,1036,2329,4011,5952,3147,593,1197,1204,2502,7153,3578,588
548,2918,260,1196,904,296,1210,318,1270,1035,1213,914,1089,2797,5952,1198,2302,913,1028,1214,608,2762,1036,1302,3578,908,1221,3996,5060,2565,6539
549,2571,356,5952,4993,1196,7153,1210,2762,6377,8874,2028,260,1704,1206,1136,2959,5618,296,4886,1270,2918,1073,318,2502,72998,6333,7361,5349,1527,4306
550,356,318,7361,296,750,1136,904,2028,924,1198,593,4226,6787,858,82459,4973,608,260,1682,48774,1270,2858,1617,899,1704,1213,5995,7153,1208,1961
551,318,2571,4226,1196,2959,5952,7153,4306,356,4993,50,2028,293,2762,6377,589,593,1198,7361,1704,32,1200,1089,6874,47,1136,2858,8961,296,110
552,318,2329,608,2959,778,260,296,1089,2700,2028,82,48780,58559,1198,527,2571,50,593,91529,3147,4499,319,818,1222,1682,64614,4995,904,4226,4310
553,296,356,593,5952,2571,47,1198,1,110,480,50,1196,1291,364,590,2329,2194,260,1210,377,2959,318,7099,1270,2502,608,150,6016,48394,4993
554,318,356,780,58559,7153,2959,296,1,4973,3578,527,4993,1089,2657,1270,912,1246,7323,48774,1479,736,2028,1080,593,337,4226,1258,541,916,1222
555,260,593,318,1196,1,150,1270,1198,58559,1197,2571,32,1210,2959,39,4226,4878,527,110,296,2396,2918,608,356,4973,3793,1240,2028,38061,51255
556,593,296,318,1089,2762,1208,858,111,527,2028,2571,1617,2959,1219,2858,608,904,1198,1225,750,924,1221,4993,47,4878,3307,969,50,1214,7153
557,318,3578,3996,2571,33794,1617,260,1196,1210,5952,8961,2028,296,7153,6874,7143,2858,4226,648,2762,2959,1213,1356,6,50,1089,6539,8644,1,4993
558,260,296,1210,110,1198,2959,608,1884,150,2858,1089,2396,356,908,1196,480,3176,1625,1617,2571,4226,912,1258,1500,7361,1193,1213,2115,54503,454
559,50,858,318,2571,1221,2858,260,1193,1214,527,1196,1198,904,1265,1208,608,457,541,1,1197,357,750,912,1248,1252,593,2028,923,1212,296
560,318,296,2571,356,5952,110,593,1196,50,3949,1198,1201,260,1291,555,1304,1272,780,2194,1089,590,1214,1,1653,480,589,16,4993,7153,5377
561,318,260,1196,1210,356,527,50,2571,590,593,5952,60069,4993,111,7153,1272,17,2336,457,357,150,608,296,750,1252,6377,2352,2020,541,4226
562,296,318,50,593,2959,293,2329,1193,47,223,2324,3083,7099,1219,1246,333,32,74458,592,4226,1271,4973,1196,44555,1682,111,1704,1968,3101,904
563,541,589,1089,1291,2959,457,2858,296,260,1196,1136,3949,48516,1198,4993,7153,2571,1200,1270,47,5952,593,1732,1197,1208,1222,2997,1201,745,1148
564,296,2571,4973,1276,318,260,527,1136,1198,1196,2788,1291,6016,2858,1208,1262,2028,2959,541,608,6377,8961,910,1214,2692,1210,858,79132,912,48516
565,296,4993,2571,7153,2959,356,318,1,260,2858,1210,5952,4306,593,7361,3114,5618,99114,110,480,44191,50,2502,2762,68954,109487,47,8528,1653,92259
566,2571,4993,260,7153,296,2959,6539,47,318,356,1198,1270,92259,5952,110,541,1196,79132,2329,94677,5618,7361,2858,4973,1219,5349,50,1101,45722,1210
567,318,110,296,2959,79132,2571,362,457,50,474,356,288,293,1387,589,1200,2028,1214,593,2329,222,898,1019,2150,2924,3972,3996,59784,2,44
568,2959,4993,7153,318,356,5952,2329,527,912,3578,2858,68954,4973,2571,58559,593,110,296,364,4306,588,260,608,1,590,109487,92259,4226,6377,6016
569,356,318,593,2959,608,2858,527,2762,2324,79132,1213,4226,150,1258,3578,541,4973,6016,1136,2706,50872,4975,1,47099,109487,750,81847,1617,2329,858
570,318,296,1196,4226,5952,50,2959,593,4963,47,5991,344,32,1198,1197,6874,364,58559,3578,165,1291,2571,260,38061,51255,2700,110,54503,293,4973
571,296,318,593,527,25,2959,1732,356,32,364,2858,50,541,265,46578,62,337,1089,508,594,4027,1220,223,235,260,2692,4973,1210,110,47
572,356,47,110,318,593,16,337,527,590,2762,595,2028,780,165,597,39,79132,339,32,1097,587,25,457,260,1210,296,589,364,150,282
573,2571,1198,1291,318,58559,50,60069,4963,110,296,1196,260,2959,2858,593,63082,589,150,5952,3000,356,4226,778,1089,1036,457,1527,38061,44195,5418
574,3578,356,3114,2028,1197,1210,4306,4011,2571,260,5618,109487,1258,2858,2959,4993,4886,5502,5445,1732,2890,2324,44191,6377,2502,2355,3147,4022,2762,1
575,356,364,318,2571,59315,150,593,1214,3578,589,1246,500,480,3147,4306,58559,380,260,1196,60069,72998,595,110,185,587,590,1206,76093,134130,1265
576,527,318,356,296,364,500,2959,3147,1270,593,4306,34,357,68954,6377,589,150,32,1097,4995,1,586,90866,4226,780,919,1036,1201,1961,595
577,593,1198,1,780,1291,260,356,1270,1240,318,736,16,527,25,587,337,165,1036,1097,480,111,1356,4993,589,2716,1197,2762,1258,296,253
578,593,356,318,2571,1089,296,527,3949,2329,2959,1704,68157,58559,4993,6874,2028,1222,1206,4973,2918,555,80463,1219,5952,2858,3681,1968,69122,1210,6016
579,260,1210,2571,2762,296,527,110,318,750,904,1208,1230,1196,1214,2502,3578,1136,47,2858,1080,1193,1884,3114,1653,1089,223,1198,1097,1377,1197
580,296,318,593,5952,1,50,1198,47,356,1196,1291,608,260,480,6188,7099,2959,2194,4963,2571,34,48394,780,1210,592,6016,364,293,2329,110
581,318,527,3578,2959,6377,7153,356,1210,296,1265,5952,260,4226,7361,2918,858,5902,8961,79132,68954,2762,33794,1198,750,58559,1197,899,1196,46976,4993
582,356,750,1198,318,1208,858,608,296,2028,593,2571,904,924,50,1196,2959,79132,111,1219,1263,260,5060,31658,899,1136,1270,3671,48516,68237,923
583,593,47,2959,2571,858,110,318,260,1210,296,6,50,2028,356,4226,1193,7387,457,1206,1196,912,1221,1258,1213,150,1219,293,750,589,7438
584,296,2959,2858,223,50,318,110,2571,2762,356,260,1136,2329,1,858,1197,1193,2078,608,2028,32,1196,1213,2502,1732,1270,1206,1265,2081,3147
585,296,356,318,2571,2502,541,1136,1196,3108,344,2959,608,3421,4878,7153,7361,3396,1073,750,1222,91529,527,50,5747,110,593,923,1617,1405,1193
586,318,1198,4993,5952,7153,593,858,750,356,1291,2571,924,2028,50,1196,1250,1272,1136,8368,40815,1704,1208,1210,4226,1617,1230,1235,457,17,1247
587,1196,2571,1270,260,1210,4973,1307,2028,356,1240,1968,4226,2396,1198,1097,5952,296,3793,6333,4878,541,2762,58559,39,1214,318,1197,1580,924,593
588,2959,318,7153,356,4993,1198,2571,5952,1206,296,2329,91529,2858,150,457,48394,79132,1265,527,3793,750,1199,1291,89745,593,5418,59315,110,3578,2908
589,260,318,2571,904,1235,1214,1,2395,4027,1196,1097,1073,2858,3552,1968,1079,541,1265,1210,3114,1252,296,750,903,923,1228,1292,2186,3730,6460
590,47,356,110,593,480,16,1198,260,1196,1210,750,589,2762,2858,1,364,1270,58559,5618,2174,380,253,1291,2028,318,1240,1258,1222,2571,296
591,2571,260,2858,1198,1197,4993,1136,858,1196,60069,7153,527,68954,1213,4226,1207,35836,5952,48516,79132,49272,72998,1210,54881,1357,1221,34405,81845,44195,5971
592,2858,593,356,1193,1198,2028,318,150,110,1258,858,608,1584,1732,3147,2762,3578,750,1196,589,2571,1265,2502,1213,50,4993,590,1206,296,165
593,2571,5952,7153,1,356,260,1196,60069,780,4993,1198,68954,1270,4973,3578,4306,2324,116797,1210,58559,6377,1197,7099,4995,1356,110,1221,364,5618,293
594,2762,750,1248,1252,2858,260,1136,912,110,858,923,1212,356,1208,1221,1197,1617,608,908,1201,904,903,1193,3578,2571,2572,296,1374,3681,111
595,296,593,2571,318,356,5952,7153,50,110,1198,4993,260,590,1196,32,527,47,480,2329,150,2959,2706,4226,6539,608,3996,3578,457,1270,4011
596,260,1196,2959,589,296,7153,7438,4011,593,1198,4226,4993,5952,356,7361,1210,858,3108,6874,2571,555,1136,1304,50,1197,457,1291,79132,2858,1235
597,296,356,593,318,590,2028,589,480,1,150,16,1270,1196,380,1213,47,2762,2329,2502,32,253,34,1197,1210,1240,1291,1721,2716,527,780
598,111,593,356,608,904,1193,858,750,296,318,1089,58559,527,50,2762,912,969,2067,908,2959,2571,48516,1221,903,1252,1617,260,1219,924,2858
599,593,296,318,527,736,356,457,36,858,2028,3147,608,16,919,2959,1207,50,2329,1213,260,82,47,1968,4993,589,1221,110,904,4995,2571
600,296,318,50,527,608,778,593,2959,91529,1198,111,356,904,1036,745,1148,1223,4886,1089,2329,8360,8368,58559,1968,1270,838,910,1220,2700,47
601,2571,356,260,296,1198,6377,318,2028,593,5618,50,2858,1196,79132,7153,4226,1200,293,1210,608,541,5952,1214,49272,589,68157,8961,47,6350,150
602,1198,356,1,1653,2571,527,3578,541,1193,2858,318,1265,2324,260,109487,593,2028,750,924,1617,480,2959,2000,904,908,1221,1252,2762,1784,364
603,4226,318,7361,110,58559,2028,6377,364,2329,2502,356,590,2959,2571,16,1193,1,79132,2762,47,2288,4878,1200,4973,1206,48774,6016,1196,6333,68358
604,2571,593,527,260,4993,4973,7153,92259,50,296,79132,356,1198,2762,1270,68157,47,68954,4995,91529,2959,318,5952,1219,1584,480,32,2324,1197,1136
605,260,318,858,1198,593,608,1213,778,1089,296,2571,50,1196,2028,2959,5618,1136,48516,2858,1208,2762,1221,1617,1197,4973,1206,3147,1214,7361,293
606,318,2959,2329,593,296,527,7361,46578,356,50,587,3897,608,736,4973,4239,6016,4993,1213,91529,5952,111,1199,51662,858,454,480,293,457,1193
607,260,4993,5952,1198,58559,318,50,1214,33794,3578,356,1222,593,7153,1196,296,5349,2571,91529,1291,1199,480,3996,1252,527,110,60069,912,1213,1732
608,2571,260,1196,1291,3176,608,2599,17,364,480,1923,3114,1608,2502,1210,296,110,356,892,66097,2700,2324,1610,5902,5991,2959,1197,1198,1127,2019
609,92259,260,318,1198,2959,2571,1193,593,2324,4973,1265,7153,858,3578,527,109487,4993,356,79132,2706,2318,2712,139385,750,4370,5618,1270,2858,1213,1272
610,318,457,593,1,480,356,16,539,110,296,34,260,590,1291,6,858,1704,2028,589,1304,1196,1210,1221,527,50,1208,4993,32,62,5952
